,BTC_start_date,price_open,price_close,ETH_start_date,price_open,price_close,LTC_start_date,price_open,price_close,ZEC_start_date,price_open,price_close,USDT_start_date,price_open,price_close,XLM_start_date,price_open,price_close,XRP_start_date,price_open,price_close,DASH_start_date,price_open,price_close,ADA_start_date,price_open,price_close,SOL_start_date,price_open,price_close,DOGE_start_date,price_open,price_close,LISK_start_date,price_open,price_close,WAVES_start_date,price_open,price_close,LINK_start_date,price_open,price_close
0,2020-12-31T00:00:00.0000000Z,28978.66,32218.38,2020-12-31T00:00:00.0000000Z,737.89,775.3,2020-12-31T00:00:00.0000000Z,124.42,137.13,2020-12-31T00:00:00.0000000Z,64.18,57.5,2020-12-31T00:00:00.0000000Z,1.0011,1.0009,2020-12-31T00:00:00.0000000Z,0.127619,0.127517,2020-12-31T00:00:00.0000000Z,0.21994,0.22108,2020-12-31T00:00:00.0000000Z,99.72,86.919,2020-12-31T00:00:00.0000000Z,0.181702,0.177523,2020-12-31T00:00:00.0000000Z,1.5163,1.7909,2020-12-31T00:00:00.0000000Z,0.0046804,0.0105776,2020-12-31T00:00:00.0000000Z,1.144953,1.143472,2020-12-31T00:00:00.0000000Z,6.2,5.5972,2020-12-31T00:00:00.0000000Z,11.25,12.20905
1,2021-01-03T00:00:00.0000000Z,32200.39,34036.08,2021-01-03T00:00:00.0000000Z,775.29,1103.73,2021-01-03T00:00:00.0000000Z,137.1,159.03,2021-01-03T00:00:00.0000000Z,57.5,59.95,2021-01-03T00:00:00.0000000Z,1.0009,1.0028,2021-01-03T00:00:00.0000000Z,0.127517,0.193685,2021-01-03T00:00:00.0000000Z,0.22108,0.22635,2021-01-03T00:00:00.0000000Z,86.96,89.181,2021-01-03T00:00:00.0000000Z,0.177498,0.259869,2021-01-03T00:00:00.0000000Z,1.8143,2.1585,2021-01-03T00:00:00.0000000Z,0.0105037,0.01,2021-01-03T00:00:00.0000000Z,1.158654,1.229452,2021-01-03T00:00:00.0000000Z,5.596,5.5992,2021-01-03T00:00:00.0000000Z,12.21602,14.54549
2,2021-01-06T00:00:00.0000000Z,34045.29,40622.87,2021-01-06T00:00:00.0000000Z,1103.71,1217.35,2021-01-06T00:00:00.0000000Z,159.01,172.46,2021-01-06T00:00:00.0000000Z,59.91,69.02,2021-01-06T00:00:00.0000000Z,1.0029,1.0011,2021-01-06T00:00:00.0000000Z,0.193538,0.297634,2021-01-06T00:00:00.0000000Z,0.22647,0.3211,2021-01-06T00:00:00.0000000Z,89.363,96.696,2021-01-06T00:00:00.0000000Z,0.26,0.304143,2021-01-06T00:00:00.0000000Z,2.1722,3.2364,2021-01-06T00:00:00.0000000Z,0.010007,0.009794,2021-01-06T00:00:00.0000000Z,1.212594,1.313675,2021-01-06T00:00:00.0000000Z,5.5889,5.5971,2021-01-06T00:00:00.0000000Z,14.57817,15.25904
3,2021-01-09T00:00:00.0000000Z,40622.87,35494.0,2021-01-09T00:00:00.0000000Z,1217.31,1088.79,2021-01-09T00:00:00.0000000Z,172.46,139.43,2021-01-09T00:00:00.0000000Z,68.87,88.82,2021-01-09T00:00:00.0000000Z,1.0011,1.0008,2021-01-09T00:00:00.0000000Z,0.297556,0.272216,2021-01-09T00:00:00.0000000Z,0.3211,0.28781,2021-01-09T00:00:00.0000000Z,96.458,125.121,2021-01-09T00:00:00.0000000Z,0.304499,0.275419,2021-01-09T00:00:00.0000000Z,3.2311,3.1455,2021-01-09T00:00:00.0000000Z,0.009782,0.0087557,2021-01-09T00:00:00.0000000Z,1.284872,1.242617,2021-01-09T00:00:00.0000000Z,5.6427,5.63,2021-01-09T00:00:00.0000000Z,15.25172,14.63654
4,2021-01-12T00:00:00.0000000Z,35495.77,39127.1,2021-01-12T00:00:00.0000000Z,1088.55,1231.32,2021-01-12T00:00:00.0000000Z,139.35,152.38,2021-01-12T00:00:00.0000000Z,88.17,111.77,2021-01-12T00:00:00.0000000Z,1.0008,0.9989,2021-01-12T00:00:00.0000000Z,0.272112,0.303117,2021-01-12T00:00:00.0000000Z,0.28772,0.29573,2021-01-12T00:00:00.0000000Z,125.2,132.664,2021-01-12T00:00:00.0000000Z,0.276339,0.311178,2021-01-12T00:00:00.0000000Z,3.1456,3.6316,2021-01-12T00:00:00.0000000Z,0.0087906,0.0093892,2021-01-12T00:00:00.0000000Z,1.230056,1.353658,2021-01-12T00:00:00.0000000Z,5.5852,6.41,2021-01-12T00:00:00.0000000Z,14.65474,17.96932
5,2021-01-15T00:00:00.0000000Z,39101.96,35810.0,2021-01-15T00:00:00.0000000Z,1231.59,1232.99,2021-01-15T00:00:00.0000000Z,152.38,142.8,2021-01-15T00:00:00.0000000Z,110.79,102.05,2021-01-15T00:00:00.0000000Z,0.9988,0.9997,2021-01-15T00:00:00.0000000Z,0.303346,0.3035,2021-01-15T00:00:00.0000000Z,0.29627,0.27732,2021-01-15T00:00:00.0000000Z,132.626,123.742,2021-01-15T00:00:00.0000000Z,0.311177,0.381833,2021-01-15T00:00:00.0000000Z,3.606,3.8204,2021-01-15T00:00:00.0000000Z,0.0094036,0.0090783,2021-01-15T00:00:00.0000000Z,1.375825,1.40526,2021-01-15T00:00:00.0000000Z,6.4404,7.3756,2021-01-15T00:00:00.0000000Z,17.96932,23.3
6,2021-01-18T00:00:00.0000000Z,35810.0,35489.1,2021-01-18T00:00:00.0000000Z,1232.6,1376.88,2021-01-18T00:00:00.0000000Z,142.76,149.77,2021-01-18T00:00:00.0000000Z,102.34,99.14,2021-01-18T00:00:00.0000000Z,0.9997,1.0007,2021-01-18T00:00:00.0000000Z,0.303736,0.293478,2021-01-18T00:00:00.0000000Z,0.27766,0.29534,2021-01-18T00:00:00.0000000Z,124.372,121.408,2021-01-18T00:00:00.0000000Z,0.382814,0.375427,2021-01-18T00:00:00.0000000Z,3.8362,3.737,2021-01-18T00:00:00.0000000Z,0.0091439,0.0090494,2021-01-18T00:00:00.0000000Z,1.385001,1.526393,2021-01-18T00:00:00.0000000Z,7.3908,7.1935,2021-01-18T00:00:00.0000000Z,23.29998,21.86624
7,2021-01-21T00:00:00.0000000Z,35494.34,32123.61,2021-01-21T00:00:00.0000000Z,1377.15,1234.55,2021-01-21T00:00:00.0000000Z,149.82,137.76,2021-01-21T00:00:00.0000000Z,99.27,85.92,2021-01-21T00:00:00.0000000Z,1.0007,1.0008,2021-01-21T00:00:00.0000000Z,0.293478,0.270113,2021-01-21T00:00:00.0000000Z,0.29596,0.27176,2021-01-21T00:00:00.0000000Z,121.516,105.179,2021-01-21T00:00:00.0000000Z,0.376,0.34562,2021-01-21T00:00:00.0000000Z,3.7169,3.5204,2021-01-21T00:00:00.0000000Z,0.0090999,0.0085614,2021-01-21T00:00:00.0000000Z,1.470001,1.364517,2021-01-21T00:00:00.0000000Z,7.2087,6.6019,2021-01-21T00:00:00.0000000Z,21.91884,24.80432
8,2021-01-24T00:00:00.0000000Z,32114.6,32517.86,2021-01-24T00:00:00.0000000Z,1234.47,1367.98,2021-01-24T00:00:00.0000000Z,137.78,134.79,2021-01-24T00:00:00.0000000Z,85.69,89.26,2021-01-24T00:00:00.0000000Z,1.0008,1.0012,2021-01-24T00:00:00.0000000Z,0.269685,0.261816,2021-01-24T00:00:00.0000000Z,0.27189,0.26866,2021-01-24T00:00:00.0000000Z,104.112,104.745,2021-01-24T00:00:00.0000000Z,0.345809,0.344232,2021-01-24T00:00:00.0000000Z,3.5152,4.0499,2021-01-24T00:00:00.0000000Z,0.0085359,0.0082577,2021-01-24T00:00:00.0000000Z,1.369472,1.312699,2021-01-24T00:00:00.0000000Z,6.5911,6.7725,2021-01-24T00:00:00.0000000Z,24.80694,23.0445
9,2021-01-27T00:00:00.0000000Z,32513.73,34272.02,2021-01-27T00:00:00.0000000Z,1367.97,1379.87,2021-01-27T00:00:00.0000000Z,134.88,134.91,2021-01-27T00:00:00.0000000Z,89.08,85.59,2021-01-27T00:00:00.0000000Z,1.0011,1.0004,2021-01-27T00:00:00.0000000Z,0.261817,0.293546,2021-01-27T00:00:00.0000000Z,0.26851,0.28314,2021-01-27T00:00:00.0000000Z,104.579,104.722,2021-01-27T00:00:00.0000000Z,0.344001,0.347549,2021-01-27T00:00:00.0000000Z,4.0499,3.8499,2021-01-27T00:00:00.0000000Z,0.0082646,0.0457876,2021-01-27T00:00:00.0000000Z,1.29131,1.316271,2021-01-27T00:00:00.0000000Z,6.8447,6.5013,2021-01-27T00:00:00.0000000Z,23.14944,22.75979
10,2021-01-30T00:00:00.0000000Z,34272.05,33546.39,2021-01-30T00:00:00.0000000Z,1380.04,1374.6,2021-01-30T00:00:00.0000000Z,134.88,132.04,2021-01-30T00:00:00.0000000Z,85.47,88.57,2021-01-30T00:00:00.0000000Z,1.0004,1.0003,2021-01-30T00:00:00.0000000Z,0.293479,0.323012,2021-01-30T00:00:00.0000000Z,0.28329,0.37115,2021-01-30T00:00:00.0000000Z,104.641,103.442,2021-01-30T00:00:00.0000000Z,0.347974,0.408881,2021-01-30T00:00:00.0000000Z,3.8499,4.6196,2021-01-30T00:00:00.0000000Z,0.0457385,0.034816,2021-01-30T00:00:00.0000000Z,1.307935,1.390789,2021-01-30T00:00:00.0000000Z,6.494,7.0034,2021-01-30T00:00:00.0000000Z,22.75562,22.9
11,2021-02-02T00:00:00.0000000Z,33544.69,36993.27,2021-02-02T00:00:00.0000000Z,1374.55,1597.55,2021-02-02T00:00:00.0000000Z,131.95,145.27,2021-02-02T00:00:00.0000000Z,88.61,90.19,2021-02-02T00:00:00.0000000Z,1.0003,1.0011,2021-02-02T00:00:00.0000000Z,0.323396,0.3265,2021-02-02T00:00:00.0000000Z,0.37118,0.44619,2021-02-02T00:00:00.0000000Z,103.5,111.039,2021-02-02T00:00:00.0000000Z,0.409445,0.440175,2021-02-02T00:00:00.0000000Z,4.6269,6.4401,2021-02-02T00:00:00.0000000Z,0.0347856,0.0530146,2021-02-02T00:00:00.0000000Z,1.390147,1.433283,2021-02-02T00:00:00.0000000Z,7.0228,7.2526,2021-02-02T00:00:00.0000000Z,22.9,24.53543
12,2021-02-05T00:00:00.0000000Z,36976.68,38874.13,2021-02-05T00:00:00.0000000Z,1597.34,1615.32,2021-02-05T00:00:00.0000000Z,145.25,150.95,2021-02-05T00:00:00.0000000Z,90.53,92.56,2021-02-05T00:00:00.0000000Z,1.0012,1.0017,2021-02-05T00:00:00.0000000Z,0.3263,0.38634,2021-02-05T00:00:00.0000000Z,0.44611,0.41967,2021-02-05T00:00:00.0000000Z,111.234,118.431,2021-02-05T00:00:00.0000000Z,0.440186,0.66356,2021-02-05T00:00:00.0000000Z,6.44,6.6874,2021-02-05T00:00:00.0000000Z,0.0530146,0.078,2021-02-05T00:00:00.0000000Z,1.456592,1.559203,2021-02-05T00:00:00.0000000Z,7.291,8.0696,2021-02-05T00:00:00.0000000Z,24.55642,24.77212
13,2021-02-08T00:00:00.0000000Z,38874.13,44908.73,2021-02-08T00:00:00.0000000Z,1615.51,1742.93,2021-02-08T00:00:00.0000000Z,151.03,181.76,2021-02-08T00:00:00.0000000Z,92.53,116.5,2021-02-08T00:00:00.0000000Z,1.0018,1.0008,2021-02-08T00:00:00.0000000Z,0.386221,0.415074,2021-02-08T00:00:00.0000000Z,0.41926,0.50568,2021-02-08T00:00:00.0000000Z,118.395,139.914,2021-02-08T00:00:00.0000000Z,0.66356,0.941623,2021-02-08T00:00:00.0000000Z,6.6956,9.0707,2021-02-08T00:00:00.0000000Z,0.0780181,0.0726688,2021-02-08T00:00:00.0000000Z,1.579143,2.301369,2021-02-08T00:00:00.0000000Z,8.0978,9.6788,2021-02-08T00:00:00.0000000Z,24.77767,26.85209
14,2021-02-11T00:00:00.0000000Z,44908.72,47216.11,2021-02-11T00:00:00.0000000Z,1742.51,1818.01,2021-02-11T00:00:00.0000000Z,181.73,226.62,2021-02-11T00:00:00.0000000Z,116.7,176.27,2021-02-11T00:00:00.0000000Z,1.0008,1.0013,2021-02-11T00:00:00.0000000Z,0.415194,0.565684,2021-02-11T00:00:00.0000000Z,0.50492,0.63446,2021-02-11T00:00:00.0000000Z,140.078,267.536,2021-02-11T00:00:00.0000000Z,0.941622,0.9137,2021-02-11T00:00:00.0000000Z,9.0861,8.7743,2021-02-11T00:00:00.0000000Z,0.0726473,0.0663213,2021-02-11T00:00:00.0000000Z,2.324033,3.35,2021-02-11T00:00:00.0000000Z,9.692,11.2445,2021-02-11T00:00:00.0000000Z,26.89639,34.25
15,2021-02-14T00:00:00.0000000Z,47232.84,49163.4,2021-02-14T00:00:00.0000000Z,1817.85,1781.97,2021-02-14T00:00:00.0000000Z,226.47,210.17,2021-02-14T00:00:00.0000000Z,177.36,156.02,2021-02-14T00:00:00.0000000Z,1.0013,1.0002,2021-02-14T00:00:00.0000000Z,0.5663,0.485485,2021-02-14T00:00:00.0000000Z,0.63542,0.51985,2021-02-14T00:00:00.0000000Z,268.906,249.453,2021-02-14T00:00:00.0000000Z,0.913902,0.871539,2021-02-14T00:00:00.0000000Z,8.7938,8.2766,2021-02-14T00:00:00.0000000Z,0.0663213,0.0534781,2021-02-14T00:00:00.0000000Z,3.390218,3.22786,2021-02-14T00:00:00.0000000Z,11.2993,11.0529,2021-02-14T00:00:00.0000000Z,34.3,31.98755
16,2021-02-17T00:00:00.0000000Z,49163.4,55940.77,2021-02-17T00:00:00.0000000Z,1782.14,1957.68,2021-02-17T00:00:00.0000000Z,210.17,236.69,2021-02-17T00:00:00.0000000Z,155.72,180.75,2021-02-17T00:00:00.0000000Z,1.0002,1.0007,2021-02-17T00:00:00.0000000Z,0.485393,0.513111,2021-02-17T00:00:00.0000000Z,0.52017,0.56451,2021-02-17T00:00:00.0000000Z,249.781,323.667,2021-02-17T00:00:00.0000000Z,0.871998,0.926,2021-02-17T00:00:00.0000000Z,8.3238,11.5369,2021-02-17T00:00:00.0000000Z,0.0534219,0.0550204,2021-02-17T00:00:00.0000000Z,3.173407,3.849368,2021-02-17T00:00:00.0000000Z,11.0503,12.555,2021-02-17T00:00:00.0000000Z,31.98755,34.72048
17,2021-02-20T00:00:00.0000000Z,55974.02,54121.6,2021-02-20T00:00:00.0000000Z,1957.9,1778.66,2021-02-20T00:00:00.0000000Z,236.68,208.23,2021-02-20T00:00:00.0000000Z,181.05,144.32,2021-02-20T00:00:00.0000000Z,1.0006,1.0007,2021-02-20T00:00:00.0000000Z,0.5138,0.463336,2021-02-20T00:00:00.0000000Z,0.56518,0.56619,2021-02-20T00:00:00.0000000Z,324.0,272.504,2021-02-20T00:00:00.0000000Z,0.926,1.098356,2021-02-20T00:00:00.0000000Z,11.5369,14.4975,2021-02-20T00:00:00.0000000Z,0.0551786,0.0536837,2021-02-20T00:00:00.0000000Z,3.864204,3.33899,2021-02-20T00:00:00.0000000Z,12.5944,10.65,2021-02-20T00:00:00.0000000Z,34.72392,31.52699
18,2021-02-23T00:00:00.0000000Z,54126.6,47069.0,2021-02-23T00:00:00.0000000Z,1778.33,1482.62,2021-02-23T00:00:00.0000000Z,208.21,179.47,2021-02-23T00:00:00.0000000Z,144.89,121.06,2021-02-23T00:00:00.0000000Z,1.0008,1.0,2021-02-23T00:00:00.0000000Z,0.463703,0.379628,2021-02-23T00:00:00.0000000Z,0.56657,0.43564,2021-02-23T00:00:00.0000000Z,272.657,217.716,2021-02-23T00:00:00.0000000Z,1.0998,1.072966,2021-02-23T00:00:00.0000000Z,14.4975,13.7978,2021-02-23T00:00:00.0000000Z,0.0536892,0.0499196,2021-02-23T00:00:00.0000000Z,3.383458,3.019464,2021-02-23T00:00:00.0000000Z,10.6866,9.6133,2021-02-23T00:00:00.0000000Z,31.513,24.64701
19,2021-02-26T00:00:00.0000000Z,47054.93,45213.99,2021-02-26T00:00:00.0000000Z,1482.05,1422.02,2021-02-26T00:00:00.0000000Z,179.4,165.72,2021-02-26T00:00:00.0000000Z,121.19,111.34,2021-02-26T00:00:00.0000000Z,1.0001,1.0016,2021-02-26T00:00:00.0000000Z,0.379075,0.406,2021-02-26T00:00:00.0000000Z,0.43489,0.41661,2021-02-26T00:00:00.0000000Z,217.761,197.113,2021-02-26T00:00:00.0000000Z,1.075448,1.315604,2021-02-26T00:00:00.0000000Z,13.7978,13.3998,2021-02-26T00:00:00.0000000Z,0.050022,0.0482549,2021-02-26T00:00:00.0000000Z,3.032141,2.912001,2021-02-26T00:00:00.0000000Z,9.5661,8.8705,2021-02-26T00:00:00.0000000Z,24.71909,24.751
20,2021-03-01T00:00:00.0000000Z,45244.96,50421.19,2021-03-01T00:00:00.0000000Z,1421.8,1567.86,2021-03-01T00:00:00.0000000Z,165.58,187.61,2021-03-01T00:00:00.0000000Z,111.41,127.0,2021-03-01T00:00:00.0000000Z,1.0016,1.0003,2021-03-01T00:00:00.0000000Z,0.406521,0.4214,2021-03-01T00:00:00.0000000Z,0.41662,0.44935,2021-03-01T00:00:00.0000000Z,197.2,222.421,2021-03-01T00:00:00.0000000Z,1.316434,1.215688,2021-03-01T00:00:00.0000000Z,13.3998,14.1517,2021-03-01T00:00:00.0000000Z,0.048308,0.0505212,2021-03-01T00:00:00.0000000Z,2.938605,3.243666,2021-03-01T00:00:00.0000000Z,9.0236,9.9088,2021-03-01T00:00:00.0000000Z,24.77722,29.95
21,2021-03-04T00:00:00.0000000Z,50395.09,48872.23,2021-03-04T00:00:00.0000000Z,1568.4,1651.83,2021-03-04T00:00:00.0000000Z,187.62,182.85,2021-03-04T00:00:00.0000000Z,125.98,125.21,2021-03-04T00:00:00.0000000Z,1.0004,1.0005,2021-03-04T00:00:00.0000000Z,0.420611,0.4025,2021-03-04T00:00:00.0000000Z,0.44818,0.46318,2021-03-04T00:00:00.0000000Z,222.66,208.783,2021-03-04T00:00:00.0000000Z,1.215,1.12848,2021-03-04T00:00:00.0000000Z,14.0801,13.0757,2021-03-04T00:00:00.0000000Z,0.0504787,0.0509969,2021-03-04T00:00:00.0000000Z,3.213689,3.206368,2021-03-04T00:00:00.0000000Z,9.961,10.0128,2021-03-04T00:00:00.0000000Z,29.90948,28.15
22,2021-03-07T00:00:00.0000000Z,48917.43,54920.8,2021-03-07T00:00:00.0000000Z,1651.75,1871.99,2021-03-07T00:00:00.0000000Z,182.88,203.98,2021-03-07T00:00:00.0000000Z,125.56,138.08,2021-03-07T00:00:00.0000000Z,1.0005,1.0006,2021-03-07T00:00:00.0000000Z,0.402027,0.432675,2021-03-07T00:00:00.0000000Z,0.46426,0.48555,2021-03-07T00:00:00.0000000Z,208.924,244.234,2021-03-07T00:00:00.0000000Z,1.129999,1.199001,2021-03-07T00:00:00.0000000Z,13.088,14.865,2021-03-07T00:00:00.0000000Z,0.0509883,0.0579873,2021-03-07T00:00:00.0000000Z,3.210843,3.411114,2021-03-07T00:00:00.0000000Z,9.9853,10.713,2021-03-07T00:00:00.0000000Z,28.19795,31.50646
23,2021-03-10T00:00:00.0000000Z,54900.04,57222.91,2021-03-10T00:00:00.0000000Z,1871.93,1767.79,2021-03-10T00:00:00.0000000Z,204.02,220.84,2021-03-10T00:00:00.0000000Z,138.0,145.32,2021-03-10T00:00:00.0000000Z,1.0005,1.0,2021-03-10T00:00:00.0000000Z,0.43233,0.38699,2021-03-10T00:00:00.0000000Z,0.48555,0.43941,2021-03-10T00:00:00.0000000Z,244.554,225.448,2021-03-10T00:00:00.0000000Z,1.199,1.032901,2021-03-10T00:00:00.0000000Z,14.865,14.55,2021-03-10T00:00:00.0000000Z,0.0579814,0.0553272,2021-03-10T00:00:00.0000000Z,3.340001,3.149525,2021-03-10T00:00:00.0000000Z,10.7542,9.8791,2021-03-10T00:00:00.0000000Z,31.51009,28.37043
24,2021-03-13T00:00:00.0000000Z,57229.24,55679.63,2021-03-13T00:00:00.0000000Z,1766.76,1795.07,2021-03-13T00:00:00.0000000Z,220.83,200.82,2021-03-13T00:00:00.0000000Z,145.49,135.21,2021-03-13T00:00:00.0000000Z,1.0,1.0001,2021-03-13T00:00:00.0000000Z,0.386966,0.383419,2021-03-13T00:00:00.0000000Z,0.43821,0.43562,2021-03-13T00:00:00.0000000Z,224.405,221.432,2021-03-13T00:00:00.0000000Z,1.032843,1.031434,2021-03-13T00:00:00.0000000Z,14.5688,14.1559,2021-03-13T00:00:00.0000000Z,0.0552594,0.056956,2021-03-13T00:00:00.0000000Z,3.132358,3.306438,2021-03-13T00:00:00.0000000Z,9.7454,9.6404,2021-03-13T00:00:00.0000000Z,28.37044,27.45327
25,2021-03-16T00:00:00.0000000Z,55611.77,57634.37,2021-03-16T00:00:00.0000000Z,1794.08,1776.4,2021-03-16T00:00:00.0000000Z,200.65,199.65,2021-03-16T00:00:00.0000000Z,134.82,143.05,2021-03-16T00:00:00.0000000Z,1.0001,0.9999,2021-03-16T00:00:00.0000000Z,0.384029,0.394688,2021-03-16T00:00:00.0000000Z,0.43593,0.46898,2021-03-16T00:00:00.0000000Z,221.845,226.239,2021-03-16T00:00:00.0000000Z,1.03258,1.230974,2021-03-16T00:00:00.0000000Z,14.2,14.1909,2021-03-16T00:00:00.0000000Z,0.057104,0.0573107,2021-03-16T00:00:00.0000000Z,3.249014,3.74,2021-03-16T00:00:00.0000000Z,9.5951,10.3362,2021-03-16T00:00:00.0000000Z,27.50515,29.4455
26,2021-03-19T00:00:00.0000000Z,57639.48,57355.94,2021-03-19T00:00:00.0000000Z,1776.4,1784.0,2021-03-19T00:00:00.0000000Z,199.74,195.53,2021-03-19T00:00:00.0000000Z,142.78,148.24,2021-03-19T00:00:00.0000000Z,0.9999,1.0004,2021-03-19T00:00:00.0000000Z,0.394449,0.403546,2021-03-19T00:00:00.0000000Z,0.46902,0.5171,2021-03-19T00:00:00.0000000Z,225.346,221.095,2021-03-19T00:00:00.0000000Z,1.230974,1.187002,2021-03-19T00:00:00.0000000Z,14.2215,14.3388,2021-03-19T00:00:00.0000000Z,0.0573427,0.0575047,2021-03-19T00:00:00.0000000Z,3.749744,3.926577,2021-03-19T00:00:00.0000000Z,10.201,9.9241,2021-03-19T00:00:00.0000000Z,29.40737,29.22443
27,2021-03-22T00:00:00.0000000Z,57365.09,52283.88,2021-03-22T00:00:00.0000000Z,1784.11,1581.79,2021-03-22T00:00:00.0000000Z,195.62,175.95,2021-03-22T00:00:00.0000000Z,148.22,128.34,2021-03-22T00:00:00.0000000Z,1.0004,0.9999,2021-03-22T00:00:00.0000000Z,0.40325,0.36147,2021-03-22T00:00:00.0000000Z,0.5172,0.47929,2021-03-22T00:00:00.0000000Z,221.042,191.278,2021-03-22T00:00:00.0000000Z,1.187003,1.068706,2021-03-22T00:00:00.0000000Z,14.3388,13.5958,2021-03-22T00:00:00.0000000Z,0.0575531,0.0516006,2021-03-22T00:00:00.0000000Z,3.8771,4.293798,2021-03-22T00:00:00.0000000Z,9.8145,10.8404,2021-03-22T00:00:00.0000000Z,29.26129,24.87395
28,2021-03-25T00:00:00.0000000Z,52283.88,55845.23,2021-03-25T00:00:00.0000000Z,1581.97,1713.88,2021-03-25T00:00:00.0000000Z,175.95,184.14,2021-03-25T00:00:00.0000000Z,126.94,133.51,2021-03-25T00:00:00.0000000Z,0.9999,1.0002,2021-03-25T00:00:00.0000000Z,0.3615,0.38145,2021-03-25T00:00:00.0000000Z,0.48033,0.54807,2021-03-25T00:00:00.0000000Z,190.547,201.919,2021-03-25T00:00:00.0000000Z,1.068333,1.176839,2021-03-25T00:00:00.0000000Z,13.5818,16.4745,2021-03-25T00:00:00.0000000Z,0.0515016,0.0543893,2021-03-25T00:00:00.0000000Z,4.216615,4.510304,2021-03-25T00:00:00.0000000Z,10.8283,11.8695,2021-03-25T00:00:00.0000000Z,24.83885,26.85165
29,2021-03-28T00:00:00.0000000Z,55845.23,58799.98,2021-03-28T00:00:00.0000000Z,1713.96,1841.16,2021-03-28T00:00:00.0000000Z,184.11,195.73,2021-03-28T00:00:00.0000000Z,133.71,154.76,2021-03-28T00:00:00.0000000Z,1.0002,1.0003,2021-03-28T00:00:00.0000000Z,0.381824,0.401172,2021-03-28T00:00:00.0000000Z,0.5474,0.56336,2021-03-28T00:00:00.0000000Z,201.396,216.364,2021-03-28T00:00:00.0000000Z,1.176948,1.213216,2021-03-28T00:00:00.0000000Z,16.5486,19.1036,2021-03-28T00:00:00.0000000Z,0.0544489,0.0540824,2021-03-28T00:00:00.0000000Z,4.510304,5.950819,2021-03-28T00:00:00.0000000Z,11.8547,12.2957,2021-03-28T00:00:00.0000000Z,26.87645,27.82605
30,2021-03-31T00:00:00.0000000Z,58766.87,58989.99,2021-03-31T00:00:00.0000000Z,1841.03,2134.68,2021-03-31T00:00:00.0000000Z,195.74,211.5,2021-03-31T00:00:00.0000000Z,154.66,169.41,2021-03-31T00:00:00.0000000Z,1.0003,1.0001,2021-03-31T00:00:00.0000000Z,0.40087,0.439514,2021-03-31T00:00:00.0000000Z,0.56314,0.60649,2021-03-31T00:00:00.0000000Z,216.519,243.948,2021-03-31T00:00:00.0000000Z,1.212432,1.19136,2021-03-31T00:00:00.0000000Z,19.1108,19.7987,2021-03-31T00:00:00.0000000Z,0.0541004,0.0576568,2021-03-31T00:00:00.0000000Z,5.982694,5.992722,2021-03-31T00:00:00.0000000Z,12.2835,13.0315,2021-03-31T00:00:00.0000000Z,27.82605,32.47581
31,2021-04-03T00:00:00.0000000Z,58982.26,59128.34,2021-04-03T00:00:00.0000000Z,2134.38,2106.98,2021-04-03T00:00:00.0000000Z,211.4,221.44,2021-04-03T00:00:00.0000000Z,169.7,197.1,2021-04-03T00:00:00.0000000Z,1.0002,1.0,2021-04-03T00:00:00.0000000Z,0.43949,0.536585,2021-04-03T00:00:00.0000000Z,0.6071,0.91431,2021-04-03T00:00:00.0000000Z,243.282,273.202,2021-04-03T00:00:00.0000000Z,1.191,1.211715,2021-04-03T00:00:00.0000000Z,19.8,23.0238,2021-04-03T00:00:00.0000000Z,0.0577154,0.0598831,2021-04-03T00:00:00.0000000Z,5.974068,6.217113,2021-04-03T00:00:00.0000000Z,13.1472,12.7941,2021-04-03T00:00:00.0000000Z,32.47581,32.34133
32,2021-04-06T00:00:00.0000000Z,59120.79,58079.35,2021-04-06T00:00:00.0000000Z,2107.45,2081.29,2021-04-06T00:00:00.0000000Z,221.42,226.24,2021-04-06T00:00:00.0000000Z,197.29,184.73,2021-04-06T00:00:00.0000000Z,1.0,0.9998,2021-04-06T00:00:00.0000000Z,0.536941,0.504872,2021-04-06T00:00:00.0000000Z,0.91604,1.06262,2021-04-06T00:00:00.0000000Z,273.939,267.473,2021-04-06T00:00:00.0000000Z,1.211627,1.219051,2021-04-06T00:00:00.0000000Z,23.0534,26.9959,2021-04-06T00:00:00.0000000Z,0.0599654,0.0619028,2021-04-06T00:00:00.0000000Z,6.242256,6.84,2021-04-06T00:00:00.0000000Z,12.7897,13.6742,2021-04-06T00:00:00.0000000Z,32.37029,32.77382
33,2021-04-09T00:00:00.0000000Z,58070.02,59967.76,2021-04-09T00:00:00.0000000Z,2081.29,2150.54,2021-04-09T00:00:00.0000000Z,226.17,252.44,2021-04-09T00:00:00.0000000Z,184.73,222.35,2021-04-09T00:00:00.0000000Z,0.9999,0.9993,2021-04-09T00:00:00.0000000Z,0.5049,0.583858,2021-04-09T00:00:00.0000000Z,1.05711,1.35243,2021-04-09T00:00:00.0000000Z,267.651,286.585,2021-04-09T00:00:00.0000000Z,1.219859,1.2625,2021-04-09T00:00:00.0000000Z,26.9716,27.873,2021-04-09T00:00:00.0000000Z,0.0618796,0.0743009,2021-04-09T00:00:00.0000000Z,6.804871,6.794443,2021-04-09T00:00:00.0000000Z,13.7377,15.5177,2021-04-09T00:00:00.0000000Z,32.77383,33.81571
34,2021-04-12T00:00:00.0000000Z,59979.59,62971.33,2021-04-12T00:00:00.0000000Z,2150.54,2432.54,2021-04-12T00:00:00.0000000Z,252.31,278.85,2021-04-12T00:00:00.0000000Z,222.59,230.42,2021-04-12T00:00:00.0000000Z,0.9992,1.0001,2021-04-12T00:00:00.0000000Z,0.584433,0.636693,2021-04-12T00:00:00.0000000Z,1.35059,1.79979,2021-04-12T00:00:00.0000000Z,286.951,305.394,2021-04-12T00:00:00.0000000Z,1.2625,1.446804,2021-04-12T00:00:00.0000000Z,27.873,26.4532,2021-04-12T00:00:00.0000000Z,0.0743774,0.1213415,2021-04-12T00:00:00.0000000Z,6.848609,6.049469,2021-04-12T00:00:00.0000000Z,15.6095,15.2462,2021-04-12T00:00:00.0000000Z,33.90039,40.46518
35,2021-04-15T00:00:00.0000000Z,62971.27,60064.21,2021-04-15T00:00:00.0000000Z,2432.16,2318.7,2021-04-15T00:00:00.0000000Z,278.75,301.1,2021-04-15T00:00:00.0000000Z,237.49,280.18,2021-04-15T00:00:00.0000000Z,1.0001,1.001,2021-04-15T00:00:00.0000000Z,0.636051,0.592437,2021-04-15T00:00:00.0000000Z,1.83586,1.54211,2021-04-15T00:00:00.0000000Z,305.398,357.0,2021-04-15T00:00:00.0000000Z,1.45658,1.372031,2021-04-15T00:00:00.0000000Z,26.4322,24.9411,2021-04-15T00:00:00.0000000Z,0.1217128,0.2824127,2021-04-15T00:00:00.0000000Z,6.168836,6.498929,2021-04-15T00:00:00.0000000Z,15.2516,15.6036,2021-04-15T00:00:00.0000000Z,41.40331,40.0
36,2021-04-18T00:00:00.0000000Z,60067.69,55908.81,2021-04-18T00:00:00.0000000Z,2319.11,2332.6,2021-04-18T00:00:00.0000000Z,301.05,261.01,2021-04-18T00:00:00.0000000Z,280.45,235.15,2021-04-18T00:00:00.0000000Z,1.0009,1.0011,2021-04-18T00:00:00.0000000Z,0.592335,0.503352,2021-04-18T00:00:00.0000000Z,1.54127,1.31253,2021-04-18T00:00:00.0000000Z,357.132,304.585,2021-04-18T00:00:00.0000000Z,1.374513,1.269851,2021-04-18T00:00:00.0000000Z,24.9203,30.817,2021-04-18T00:00:00.0000000Z,0.282504,0.3181397,2021-04-18T00:00:00.0000000Z,6.498938,5.571254,2021-04-18T00:00:00.0000000Z,15.6027,13.4842,2021-04-18T00:00:00.0000000Z,39.9477,39.07167
37,2021-04-21T00:00:00.0000000Z,56480.59,49913.06,2021-04-21T00:00:00.0000000Z,2332.18,2369.86,2021-04-21T00:00:00.0000000Z,260.87,241.79,2021-04-21T00:00:00.0000000Z,250.0,207.07,2021-04-21T00:00:00.0000000Z,1.001,1.001,2021-04-21T00:00:00.0000000Z,0.529901,0.425288,2021-04-21T00:00:00.0000000Z,1.38649,1.17113,2021-04-21T00:00:00.0000000Z,318.163,259.18,2021-04-21T00:00:00.0000000Z,1.27,1.098799,2021-04-21T00:00:00.0000000Z,31.7682,36.2839,2021-04-21T00:00:00.0000000Z,0.3171019,0.2299345,2021-04-21T00:00:00.0000000Z,5.457758,4.186034,2021-04-21T00:00:00.0000000Z,13.585,13.5303,2021-04-21T00:00:00.0000000Z,39.05447,33.387
38,2021-04-24T00:00:00.0000000Z,51171.36,54064.63,2021-04-24T00:00:00.0000000Z,2365.94,2534.0,2021-04-24T00:00:00.0000000Z,241.11,247.65,2021-04-24T00:00:00.0000000Z,220.48,227.17,2021-04-24T00:00:00.0000000Z,1.001,1.0007,2021-04-24T00:00:00.0000000Z,0.450903,0.486243,2021-04-24T00:00:00.0000000Z,1.17183,1.365,2021-04-24T00:00:00.0000000Z,260.0,279.004,2021-04-24T00:00:00.0000000Z,1.159961,1.238361,2021-04-24T00:00:00.0000000Z,37.2987,43.9748,2021-04-24T00:00:00.0000000Z,0.25,0.271339,2021-04-24T00:00:00.0000000Z,4.102546,4.567452,2021-04-24T00:00:00.0000000Z,14.6152,18.5554,2021-04-24T00:00:00.0000000Z,35.22856,35.16494
39,2021-04-27T00:00:00.0000000Z,54057.24,53595.5,2021-04-27T00:00:00.0000000Z,2534.84,2758.92,2021-04-27T00:00:00.0000000Z,247.12,255.51,2021-04-27T00:00:00.0000000Z,227.5,230.3,2021-04-27T00:00:00.0000000Z,1.0008,1.0005,2021-04-27T00:00:00.0000000Z,0.484884,0.490985,2021-04-27T00:00:00.0000000Z,1.34955,1.39984,2021-04-27T00:00:00.0000000Z,277.397,286.775,2021-04-27T00:00:00.0000000Z,1.235249,1.307841,2021-04-27T00:00:00.0000000Z,43.7876,42.6562,2021-04-27T00:00:00.0000000Z,0.2706324,0.3050122,2021-04-27T00:00:00.0000000Z,4.559451,5.289975,2021-04-27T00:00:00.0000000Z,18.3347,22.9753,2021-04-27T00:00:00.0000000Z,35.02723,36.4727
40,2021-04-30T00:00:00.0000000Z,53584.45,56612.76,2021-04-30T00:00:00.0000000Z,2758.92,2952.09,2021-04-30T00:00:00.0000000Z,255.5,269.1,2021-04-30T00:00:00.0000000Z,228.91,243.23,2021-04-30T00:00:00.0000000Z,1.0005,1.0007,2021-04-30T00:00:00.0000000Z,0.491774,0.556143,2021-04-30T00:00:00.0000000Z,1.39905,1.56244,2021-04-30T00:00:00.0000000Z,286.82,315.343,2021-04-30T00:00:00.0000000Z,1.306762,1.327791,2021-04-30T00:00:00.0000000Z,42.6011,46.94,2021-04-30T00:00:00.0000000Z,0.3050361,0.3733501,2021-04-30T00:00:00.0000000Z,5.29262,5.691484,2021-04-30T00:00:00.0000000Z,23.0626,23.7481,2021-04-30T00:00:00.0000000Z,36.47056,39.51022
41,2021-05-03T00:00:00.0000000Z,56601.65,57503.94,2021-05-03T00:00:00.0000000Z,2952.21,3529.66,2021-05-03T00:00:00.0000000Z,269.1,356.46,2021-05-03T00:00:00.0000000Z,243.15,292.15,2021-05-03T00:00:00.0000000Z,1.0007,1.0011,2021-05-03T00:00:00.0000000Z,0.556277,0.604939,2021-05-03T00:00:00.0000000Z,1.56179,1.61593,2021-05-03T00:00:00.0000000Z,315.317,396.823,2021-05-03T00:00:00.0000000Z,1.327791,1.479527,2021-05-03T00:00:00.0000000Z,46.8612,45.0,2021-05-03T00:00:00.0000000Z,0.374,0.6534159,2021-05-03T00:00:00.0000000Z,5.678499,6.19946,2021-05-03T00:00:00.0000000Z,23.8075,35.81,2021-05-03T00:00:00.0000000Z,39.49835,49.51
42,2021-05-06T00:00:00.0000000Z,57528.44,58949.48,2021-05-06T00:00:00.0000000Z,3529.99,3917.26,2021-05-06T00:00:00.0000000Z,356.89,347.72,2021-05-06T00:00:00.0000000Z,292.45,315.75,2021-05-06T00:00:00.0000000Z,1.0011,1.0014,2021-05-06T00:00:00.0000000Z,0.6057,0.615505,2021-05-06T00:00:00.0000000Z,1.61515,1.56533,2021-05-06T00:00:00.0000000Z,396.23,409.866,2021-05-06T00:00:00.0000000Z,1.481181,1.6235,2021-05-06T00:00:00.0000000Z,44.9787,45.748,2021-05-06T00:00:00.0000000Z,0.6566704,0.6368522,2021-05-06T00:00:00.0000000Z,6.198996,8.491863,2021-05-06T00:00:00.0000000Z,35.9287,32.449,2021-05-06T00:00:00.0000000Z,49.63142,48.69612
43,2021-05-09T00:00:00.0000000Z,58939.71,56758.02,2021-05-09T00:00:00.0000000Z,3917.26,4179.76,2021-05-09T00:00:00.0000000Z,347.75,378.16,2021-05-09T00:00:00.0000000Z,315.83,302.83,2021-05-09T00:00:00.0000000Z,1.0015,1.0011,2021-05-09T00:00:00.0000000Z,0.614886,0.736097,2021-05-09T00:00:00.0000000Z,1.56474,1.47957,2021-05-09T00:00:00.0000000Z,410.267,426.998,2021-05-09T00:00:00.0000000Z,1.622418,1.765163,2021-05-09T00:00:00.0000000Z,45.6638,44.5667,2021-05-09T00:00:00.0000000Z,0.6383797,0.4946197,2021-05-09T00:00:00.0000000Z,8.458093,9.338104,2021-05-09T00:00:00.0000000Z,32.5071,33.2845,2021-05-09T00:00:00.0000000Z,48.763,48.85492
44,2021-05-12T00:00:00.0000000Z,56760.28,49898.98,2021-05-12T00:00:00.0000000Z,4179.77,4080.51,2021-05-12T00:00:00.0000000Z,378.16,326.67,2021-05-12T00:00:00.0000000Z,302.62,305.76,2021-05-12T00:00:00.0000000Z,1.0014,1.0009,2021-05-12T00:00:00.0000000Z,0.736097,0.669938,2021-05-12T00:00:00.0000000Z,1.48,1.4054,2021-05-12T00:00:00.0000000Z,427.357,372.229,2021-05-12T00:00:00.0000000Z,1.765871,2.008375,2021-05-12T00:00:00.0000000Z,44.5668,42.8161,2021-05-12T00:00:00.0000000Z,0.494353,0.5595366,2021-05-12T00:00:00.0000000Z,9.313568,7.44038,2021-05-12T00:00:00.0000000Z,33.2295,33.2789,2021-05-12T00:00:00.0000000Z,48.86919,46.6303
45,2021-05-15T00:00:00.0000000Z,49896.48,43570.56,2021-05-15T00:00:00.0000000Z,4080.51,3283.32,2021-05-15T00:00:00.0000000Z,326.52,281.6,2021-05-15T00:00:00.0000000Z,305.99,235.88,2021-05-15T00:00:00.0000000Z,1.001,1.0005,2021-05-15T00:00:00.0000000Z,0.669264,0.643067,2021-05-15T00:00:00.0000000Z,1.40135,1.49543,2021-05-15T00:00:00.0000000Z,372.638,294.573,2021-05-15T00:00:00.0000000Z,2.009698,2.031234,2021-05-15T00:00:00.0000000Z,42.7189,46.6945,2021-05-15T00:00:00.0000000Z,0.56,0.4881126,2021-05-15T00:00:00.0000000Z,7.397766,5.812,2021-05-15T00:00:00.0000000Z,33.4121,27.064,2021-05-15T00:00:00.0000000Z,46.5291,37.24758
46,2021-05-18T00:00:00.0000000Z,43567.5,40648.2,2021-05-18T00:00:00.0000000Z,3283.32,2775.07,2021-05-18T00:00:00.0000000Z,281.5,211.11,2021-05-18T00:00:00.0000000Z,236.03,183.53,2021-05-18T00:00:00.0000000Z,1.0006,1.002,2021-05-18T00:00:00.0000000Z,0.643611,0.495642,2021-05-18T00:00:00.0000000Z,1.49577,1.18153,2021-05-18T00:00:00.0000000Z,295.948,227.62,2021-05-18T00:00:00.0000000Z,2.031234,1.800893,2021-05-18T00:00:00.0000000Z,46.8041,44.4021,2021-05-18T00:00:00.0000000Z,0.4879501,0.3986665,2021-05-18T00:00:00.0000000Z,5.84471,5.143442,2021-05-18T00:00:00.0000000Z,27.0776,24.3108,2021-05-18T00:00:00.0000000Z,37.21187,30.68371
47,2021-05-21T00:00:00.0000000Z,40610.79,34716.86,2021-05-21T00:00:00.0000000Z,2775.06,2099.58,2021-05-21T00:00:00.0000000Z,211.15,142.72,2021-05-21T00:00:00.0000000Z,184.09,114.53,2021-05-21T00:00:00.0000000Z,1.002,1.0015,2021-05-21T00:00:00.0000000Z,0.496083,0.364133,2021-05-21T00:00:00.0000000Z,1.18164,0.7931,2021-05-21T00:00:00.0000000Z,228.814,151.173,2021-05-21T00:00:00.0000000Z,1.802698,1.313675,2021-05-21T00:00:00.0000000Z,44.4223,24.5835,2021-05-21T00:00:00.0000000Z,0.3979492,0.3067304,2021-05-21T00:00:00.0000000Z,5.121704,3.185417,2021-05-21T00:00:00.0000000Z,24.3984,14.8124,2021-05-21T00:00:00.0000000Z,30.66917,20.07747
48,2021-05-24T00:00:00.0000000Z,34716.87,39297.37,2021-05-24T00:00:00.0000000Z,2100.07,2889.84,2021-05-24T00:00:00.0000000Z,142.73,199.18,2021-05-24T00:00:00.0000000Z,115.01,158.71,2021-05-24T00:00:00.0000000Z,1.0015,1.0015,2021-05-24T00:00:00.0000000Z,0.363826,0.443921,2021-05-24T00:00:00.0000000Z,0.7931,1.03307,2021-05-24T00:00:00.0000000Z,150.96,214.032,2021-05-24T00:00:00.0000000Z,1.314943,1.78193,2021-05-24T00:00:00.0000000Z,24.5836,35.502,2021-05-24T00:00:00.0000000Z,0.3069734,0.3531725,2021-05-24T00:00:00.0000000Z,3.208763,4.55192,2021-05-24T00:00:00.0000000Z,14.8068,17.4186,2021-05-24T00:00:00.0000000Z,19.87738,34.02843
49,2021-05-27T00:00:00.0000000Z,39298.63,34615.22,2021-05-27T00:00:00.0000000Z,2889.43,2280.72,2021-05-27T00:00:00.0000000Z,199.26,164.12,2021-05-27T00:00:00.0000000Z,158.9,149.22,2021-05-27T00:00:00.0000000Z,1.0015,1.0007,2021-05-27T00:00:00.0000000Z,0.442548,0.367409,2021-05-27T00:00:00.0000000Z,1.03053,0.83177,2021-05-27T00:00:00.0000000Z,214.169,177.082,2021-05-27T00:00:00.0000000Z,1.78193,1.403867,2021-05-27T00:00:00.0000000Z,35.5158,27.4472,2021-05-27T00:00:00.0000000Z,0.3533702,0.3028928,2021-05-27T00:00:00.0000000Z,4.557325,3.28,2021-05-27T00:00:00.0000000Z,17.4443,13.1177,2021-05-27T00:00:00.0000000Z,34.04482,25.373
50,2021-05-30T00:00:00.0000000Z,34615.22,36683.56,2021-05-30T00:00:00.0000000Z,2280.78,2634.42,2021-05-30T00:00:00.0000000Z,164.15,182.98,2021-05-30T00:00:00.0000000Z,148.38,154.31,2021-05-30T00:00:00.0000000Z,1.0007,0.9998,2021-05-30T00:00:00.0000000Z,0.367409,0.418204,2021-05-30T00:00:00.0000000Z,0.8304,1.01077,2021-05-30T00:00:00.0000000Z,176.927,191.485,2021-05-30T00:00:00.0000000Z,1.404585,1.734232,2021-05-30T00:00:00.0000000Z,27.4472,31.0279,2021-05-30T00:00:00.0000000Z,0.3027924,0.3702568,2021-05-30T00:00:00.0000000Z,3.28,3.62828,2021-05-30T00:00:00.0000000Z,13.0888,13.196,2021-05-30T00:00:00.0000000Z,25.37388,30.71085
51,2021-06-02T00:00:00.0000000Z,36683.56,36855.83,2021-06-02T00:00:00.0000000Z,2634.46,2690.68,2021-06-02T00:00:00.0000000Z,183.0,178.63,2021-06-02T00:00:00.0000000Z,154.34,155.41,2021-06-02T00:00:00.0000000Z,0.9998,1.0005,2021-06-02T00:00:00.0000000Z,0.41904,0.384785,2021-06-02T00:00:00.0000000Z,1.01244,0.96904,2021-06-02T00:00:00.0000000Z,191.705,192.09,2021-06-02T00:00:00.0000000Z,1.735786,1.707847,2021-06-02T00:00:00.0000000Z,30.9785,37.448,2021-06-02T00:00:00.0000000Z,0.369989,0.3759836,2021-06-02T00:00:00.0000000Z,3.564584,3.52077,2021-06-02T00:00:00.0000000Z,13.2243,13.8878,2021-06-02T00:00:00.0000000Z,30.71975,28.83713
52,2021-06-05T00:00:00.0000000Z,36861.28,33572.12,2021-06-05T00:00:00.0000000Z,2691.13,2592.47,2021-06-05T00:00:00.0000000Z,178.62,161.98,2021-06-05T00:00:00.0000000Z,155.42,135.84,2021-06-05T00:00:00.0000000Z,1.0005,1.0003,2021-06-05T00:00:00.0000000Z,0.384785,0.346986,2021-06-05T00:00:00.0000000Z,0.97109,0.86301,2021-06-05T00:00:00.0000000Z,191.582,172.643,2021-06-05T00:00:00.0000000Z,1.708956,1.563884,2021-06-05T00:00:00.0000000Z,37.4081,38.2935,2021-06-05T00:00:00.0000000Z,0.3765613,0.3315726,2021-06-05T00:00:00.0000000Z,3.544205,3.2,2021-06-05T00:00:00.0000000Z,13.8223,14.1837,2021-06-05T00:00:00.0000000Z,28.9158,24.59124
53,2021-06-08T00:00:00.0000000Z,33570.79,36695.34,2021-06-08T00:00:00.0000000Z,2592.47,2471.59,2021-06-08T00:00:00.0000000Z,161.98,168.05,2021-06-08T00:00:00.0000000Z,135.11,134.01,2021-06-08T00:00:00.0000000Z,1.0003,1.0004,2021-06-08T00:00:00.0000000Z,0.345458,0.337986,2021-06-08T00:00:00.0000000Z,0.86208,0.86854,2021-06-08T00:00:00.0000000Z,172.699,169.614,2021-06-08T00:00:00.0000000Z,1.562821,1.532428,2021-06-08T00:00:00.0000000Z,38.2116,41.0812,2021-06-08T00:00:00.0000000Z,0.3316763,0.3257711,2021-06-08T00:00:00.0000000Z,3.24303,3.114963,2021-06-08T00:00:00.0000000Z,14.3624,14.0609,2021-06-08T00:00:00.0000000Z,24.56643,23.10995
54,2021-06-11T00:00:00.0000000Z,36694.07,39038.74,2021-06-11T00:00:00.0000000Z,2471.59,2510.23,2021-06-11T00:00:00.0000000Z,168.34,171.02,2021-06-11T00:00:00.0000000Z,133.95,133.06,2021-06-11T00:00:00.0000000Z,1.0003,1.0001,2021-06-11T00:00:00.0000000Z,0.338748,0.345078,2021-06-11T00:00:00.0000000Z,0.86878,0.88289,2021-06-11T00:00:00.0000000Z,170.291,172.671,2021-06-11T00:00:00.0000000Z,1.532428,1.558992,2021-06-11T00:00:00.0000000Z,41.0792,38.7028,2021-06-11T00:00:00.0000000Z,0.3264234,0.3244807,2021-06-11T00:00:00.0000000Z,3.089048,2.909603,2021-06-11T00:00:00.0000000Z,13.9558,15.1888,2021-06-11T00:00:00.0000000Z,23.15405,23.34798
55,2021-06-14T00:00:00.0000000Z,39038.74,38345.24,2021-06-14T00:00:00.0000000Z,2510.22,2367.73,2021-06-14T00:00:00.0000000Z,170.92,166.61,2021-06-14T00:00:00.0000000Z,133.06,137.32,2021-06-14T00:00:00.0000000Z,1.0001,0.9998,2021-06-14T00:00:00.0000000Z,0.345268,0.317276,2021-06-14T00:00:00.0000000Z,0.88558,0.83189,2021-06-14T00:00:00.0000000Z,172.765,164.211,2021-06-14T00:00:00.0000000Z,1.559213,1.483493,2021-06-14T00:00:00.0000000Z,38.7821,39.6127,2021-06-14T00:00:00.0000000Z,0.3244807,0.3076289,2021-06-14T00:00:00.0000000Z,2.902346,2.858378,2021-06-14T00:00:00.0000000Z,15.2106,16.9358,2021-06-14T00:00:00.0000000Z,23.37353,23.02161
56,2021-06-17T00:00:00.0000000Z,38354.54,35487.73,2021-06-17T00:00:00.0000000Z,2368.24,2164.72,2021-06-17T00:00:00.0000000Z,166.58,152.53,2021-06-17T00:00:00.0000000Z,137.18,128.7,2021-06-17T00:00:00.0000000Z,0.9998,1.0001,2021-06-17T00:00:00.0000000Z,0.317212,0.289623,2021-06-17T00:00:00.0000000Z,0.8333,0.76057,2021-06-17T00:00:00.0000000Z,164.353,152.057,2021-06-17T00:00:00.0000000Z,1.483657,1.384438,2021-06-17T00:00:00.0000000Z,39.6803,35.1826,2021-06-17T00:00:00.0000000Z,0.3076289,0.286,2021-06-17T00:00:00.0000000Z,2.877688,2.556383,2021-06-17T00:00:00.0000000Z,16.8363,15.8848,2021-06-17T00:00:00.0000000Z,23.02161,20.27507
57,2021-06-20T00:00:00.0000000Z,35489.0,32520.0,2021-06-20T00:00:00.0000000Z,2165.13,1881.65,2021-06-20T00:00:00.0000000Z,152.58,119.83,2021-06-20T00:00:00.0000000Z,127.43,106.45,2021-06-20T00:00:00.0000000Z,1.0002,1.0004,2021-06-20T00:00:00.0000000Z,0.2878,0.234674,2021-06-20T00:00:00.0000000Z,0.75841,0.54636,2021-06-20T00:00:00.0000000Z,151.0,119.252,2021-06-20T00:00:00.0000000Z,1.385439,1.154341,2021-06-20T00:00:00.0000000Z,35.18,26.9437,2021-06-20T00:00:00.0000000Z,0.2859006,0.1905532,2021-06-20T00:00:00.0000000Z,2.546459,1.861415,2021-06-20T00:00:00.0000000Z,15.7622,12.4548,2021-06-20T00:00:00.0000000Z,20.26268,16.83557
58,2021-06-23T00:00:00.0000000Z,32524.98,31586.49,2021-06-23T00:00:00.0000000Z,1881.24,1809.07,2021-06-23T00:00:00.0000000Z,119.78,125.0,2021-06-23T00:00:00.0000000Z,106.61,100.25,2021-06-23T00:00:00.0000000Z,1.0004,1.0,2021-06-23T00:00:00.0000000Z,0.234237,0.242488,2021-06-23T00:00:00.0000000Z,0.54636,0.61128,2021-06-23T00:00:00.0000000Z,119.343,119.87,2021-06-23T00:00:00.0000000Z,1.151403,1.254708,2021-06-23T00:00:00.0000000Z,26.9437,28.6524,2021-06-23T00:00:00.0000000Z,0.1906,0.2376683,2021-06-23T00:00:00.0000000Z,1.861416,1.88,2021-06-23T00:00:00.0000000Z,12.5295,13.0231,2021-06-23T00:00:00.0000000Z,16.84369,16.91597
59,2021-06-26T00:00:00.0000000Z,31585.43,34488.82,2021-06-26T00:00:00.0000000Z,1809.07,2083.79,2021-06-26T00:00:00.0000000Z,124.97,137.69,2021-06-26T00:00:00.0000000Z,100.12,117.92,2021-06-26T00:00:00.0000000Z,1.0,1.0002,2021-06-26T00:00:00.0000000Z,0.241041,0.263478,2021-06-26T00:00:00.0000000Z,0.61107,0.64359,2021-06-26T00:00:00.0000000Z,119.87,132.09,2021-06-26T00:00:00.0000000Z,1.252974,1.326,2021-06-26T00:00:00.0000000Z,28.6454,32.9414,2021-06-26T00:00:00.0000000Z,0.2379345,0.2570808,2021-06-26T00:00:00.0000000Z,1.869296,2.196327,2021-06-26T00:00:00.0000000Z,12.9456,14.0747,2021-06-26T00:00:00.0000000Z,16.8843,18.80914
60,2021-06-29T00:00:00.0000000Z,34495.13,33519.11,2021-06-29T00:00:00.0000000Z,2083.99,2107.01,2021-06-29T00:00:00.0000000Z,137.71,137.16,2021-06-29T00:00:00.0000000Z,117.9,120.24,2021-06-29T00:00:00.0000000Z,1.0002,1.0002,2021-06-29T00:00:00.0000000Z,0.263536,0.269655,2021-06-29T00:00:00.0000000Z,0.64431,0.66036,2021-06-29T00:00:00.0000000Z,132.147,139.236,2021-06-29T00:00:00.0000000Z,1.326218,1.336065,2021-06-29T00:00:00.0000000Z,32.9759,33.3064,2021-06-29T00:00:00.0000000Z,0.2570809,0.24446,2021-06-29T00:00:00.0000000Z,2.206116,2.534875,2021-06-29T00:00:00.0000000Z,14.1197,15.8814,2021-06-29T00:00:00.0000000Z,18.81274,18.24557
61,2021-07-02T00:00:00.0000000Z,33510.07,35283.98,2021-07-02T00:00:00.0000000Z,2107.75,2323.15,2021-07-02T00:00:00.0000000Z,137.04,144.94,2021-07-02T00:00:00.0000000Z,119.85,120.17,2021-07-02T00:00:00.0000000Z,1.0001,1.0001,2021-07-02T00:00:00.0000000Z,0.268748,0.268186,2021-07-02T00:00:00.0000000Z,0.65943,0.69587,2021-07-02T00:00:00.0000000Z,137.812,140.301,2021-07-02T00:00:00.0000000Z,1.331289,1.461191,2021-07-02T00:00:00.0000000Z,33.303,34.329,2021-07-02T00:00:00.0000000Z,0.2440516,0.2467129,2021-07-02T00:00:00.0000000Z,2.530964,2.793386,2021-07-02T00:00:00.0000000Z,15.8022,16.9932,2021-07-02T00:00:00.0000000Z,18.20732,19.26295
62,2021-07-05T00:00:00.0000000Z,35286.08,33864.47,2021-07-05T00:00:00.0000000Z,2323.27,2316.82,2021-07-05T00:00:00.0000000Z,144.99,137.42,2021-07-05T00:00:00.0000000Z,119.84,118.42,2021-07-05T00:00:00.0000000Z,1.0001,1.0003,2021-07-05T00:00:00.0000000Z,0.266997,0.2566,2021-07-05T00:00:00.0000000Z,0.69548,0.65237,2021-07-05T00:00:00.0000000Z,139.697,134.66,2021-07-05T00:00:00.0000000Z,1.461225,1.402358,2021-07-05T00:00:00.0000000Z,34.3031,36.6949,2021-07-05T00:00:00.0000000Z,0.2466866,0.2241038,2021-07-05T00:00:00.0000000Z,2.754616,2.709948,2021-07-05T00:00:00.0000000Z,16.8383,16.5111,2021-07-05T00:00:00.0000000Z,19.21775,19.78487
63,2021-07-08T00:00:00.0000000Z,33867.53,33512.93,2021-07-08T00:00:00.0000000Z,2317.64,2110.55,2021-07-08T00:00:00.0000000Z,137.47,134.01,2021-07-08T00:00:00.0000000Z,117.97,108.01,2021-07-08T00:00:00.0000000Z,1.0003,1.0,2021-07-08T00:00:00.0000000Z,0.256561,0.245427,2021-07-08T00:00:00.0000000Z,0.65224,0.62414,2021-07-08T00:00:00.0000000Z,134.622,128.274,2021-07-08T00:00:00.0000000Z,1.403604,1.335006,2021-07-08T00:00:00.0000000Z,36.6547,31.7361,2021-07-08T00:00:00.0000000Z,0.223892,0.213564,2021-07-08T00:00:00.0000000Z,2.682747,2.467587,2021-07-08T00:00:00.0000000Z,16.3425,14.1838,2021-07-08T00:00:00.0000000Z,19.77901,18.21282
64,2021-07-11T00:00:00.0000000Z,33512.92,32734.14,2021-07-11T00:00:00.0000000Z,2110.56,1940.76,2021-07-11T00:00:00.0000000Z,134.03,131.44,2021-07-11T00:00:00.0000000Z,108.3,104.05,2021-07-11T00:00:00.0000000Z,0.9999,1.0,2021-07-11T00:00:00.0000000Z,0.245237,0.232197,2021-07-11T00:00:00.0000000Z,0.62602,0.61799,2021-07-11T00:00:00.0000000Z,128.379,123.73,2021-07-11T00:00:00.0000000Z,1.335,1.265526,2021-07-11T00:00:00.0000000Z,31.7272,29.1061,2021-07-11T00:00:00.0000000Z,0.2137005,0.1998594,2021-07-11T00:00:00.0000000Z,2.479855,2.593852,2021-07-11T00:00:00.0000000Z,14.1703,13.5255,2021-07-11T00:00:00.0000000Z,18.2145,16.90233
65,2021-07-14T00:00:00.0000000Z,32735.78,31394.04,2021-07-14T00:00:00.0000000Z,1940.34,1877.22,2021-07-14T00:00:00.0000000Z,131.43,120.68,2021-07-14T00:00:00.0000000Z,103.87,93.25,2021-07-14T00:00:00.0000000Z,1.0,1.0003,2021-07-14T00:00:00.0000000Z,0.232629,0.235184,2021-07-14T00:00:00.0000000Z,0.61869,0.59062,2021-07-14T00:00:00.0000000Z,123.981,114.864,2021-07-14T00:00:00.0000000Z,1.266242,1.172784,2021-07-14T00:00:00.0000000Z,29.1366,26.2786,2021-07-14T00:00:00.0000000Z,0.1998514,0.1721154,2021-07-14T00:00:00.0000000Z,2.606928,2.230319,2021-07-14T00:00:00.0000000Z,13.5645,13.422,2021-07-14T00:00:00.0000000Z,16.79932,15.26417
66,2021-07-17T00:00:00.0000000Z,31384.32,30838.54,2021-07-17T00:00:00.0000000Z,1877.22,1818.44,2021-07-17T00:00:00.0000000Z,120.71,113.17,2021-07-17T00:00:00.0000000Z,93.11,89.01,2021-07-17T00:00:00.0000000Z,1.0003,1.0,2021-07-17T00:00:00.0000000Z,0.235195,0.211304,2021-07-17T00:00:00.0000000Z,0.59146,0.55724,2021-07-17T00:00:00.0000000Z,114.548,137.423,2021-07-17T00:00:00.0000000Z,1.171521,1.121601,2021-07-17T00:00:00.0000000Z,26.2458,24.5151,2021-07-17T00:00:00.0000000Z,0.1719273,0.1734999,2021-07-17T00:00:00.0000000Z,2.230886,2.299905,2021-07-17T00:00:00.0000000Z,13.4513,13.0,2021-07-17T00:00:00.0000000Z,15.2,14.5072
67,2021-07-20T00:00:00.0000000Z,30843.04,32290.78,2021-07-20T00:00:00.0000000Z,1818.45,2024.75,2021-07-20T00:00:00.0000000Z,113.2,120.74,2021-07-20T00:00:00.0000000Z,89.2,96.85,2021-07-20T00:00:00.0000000Z,1.0,1.0001,2021-07-20T00:00:00.0000000Z,0.211304,0.260946,2021-07-20T00:00:00.0000000Z,0.5575,0.59332,2021-07-20T00:00:00.0000000Z,138.708,143.215,2021-07-20T00:00:00.0000000Z,1.121601,1.183974,2021-07-20T00:00:00.0000000Z,24.5152,27.734,2021-07-20T00:00:00.0000000Z,0.1735357,0.1909662,2021-07-20T00:00:00.0000000Z,2.28505,2.277556,2021-07-20T00:00:00.0000000Z,12.9397,14.0805,2021-07-20T00:00:00.0000000Z,14.5211,16.03242
68,2021-07-23T00:00:00.0000000Z,32287.68,35418.7,2021-07-23T00:00:00.0000000Z,2024.75,2193.03,2021-07-23T00:00:00.0000000Z,120.74,127.75,2021-07-23T00:00:00.0000000Z,97.19,100.52,2021-07-23T00:00:00.0000000Z,1.0002,1.0007,2021-07-23T00:00:00.0000000Z,0.264691,0.261715,2021-07-23T00:00:00.0000000Z,0.59471,0.60678,2021-07-23T00:00:00.0000000Z,142.902,139.411,2021-07-23T00:00:00.0000000Z,1.197057,1.229793,2021-07-23T00:00:00.0000000Z,27.721,28.2474,2021-07-23T00:00:00.0000000Z,0.1925119,0.1980366,2021-07-23T00:00:00.0000000Z,2.277556,2.532981,2021-07-23T00:00:00.0000000Z,14.2267,15.3577,2021-07-23T00:00:00.0000000Z,16.14606,16.76463
69,2021-07-26T00:00:00.0000000Z,35404.9,40030.0,2021-07-26T00:00:00.0000000Z,2192.38,2300.42,2021-07-26T00:00:00.0000000Z,127.74,140.47,2021-07-26T00:00:00.0000000Z,100.69,105.9,2021-07-26T00:00:00.0000000Z,1.0007,1.0003,2021-07-26T00:00:00.0000000Z,0.261753,0.270146,2021-07-26T00:00:00.0000000Z,0.60702,0.73364,2021-07-26T00:00:00.0000000Z,138.943,152.596,2021-07-26T00:00:00.0000000Z,1.229215,1.286563,2021-07-26T00:00:00.0000000Z,28.2488,27.8976,2021-07-26T00:00:00.0000000Z,0.1972104,0.2055999,2021-07-26T00:00:00.0000000Z,2.533663,2.652598,2021-07-26T00:00:00.0000000Z,15.3057,15.5848,2021-07-26T00:00:00.0000000Z,16.77037,19.08526
70,2021-07-29T00:00:00.0000000Z,40030.03,41493.0,2021-07-29T00:00:00.0000000Z,2300.76,2533.74,2021-07-29T00:00:00.0000000Z,140.48,144.43,2021-07-29T00:00:00.0000000Z,105.9,111.18,2021-07-29T00:00:00.0000000Z,1.0002,1.0007,2021-07-29T00:00:00.0000000Z,0.269711,0.284442,2021-07-29T00:00:00.0000000Z,0.73246,0.74644,2021-07-29T00:00:00.0000000Z,152.597,163.74,2021-07-29T00:00:00.0000000Z,1.286563,1.318233,2021-07-29T00:00:00.0000000Z,27.8682,36.8078,2021-07-29T00:00:00.0000000Z,0.2055999,0.207632,2021-07-29T00:00:00.0000000Z,2.630438,3.222598,2021-07-29T00:00:00.0000000Z,15.6417,16.5839,2021-07-29T00:00:00.0000000Z,19.10732,22.70594
71,2021-08-01T00:00:00.0000000Z,41480.91,38198.69,2021-08-01T00:00:00.0000000Z,2533.54,2508.31,2021-08-01T00:00:00.0000000Z,144.46,138.48,2021-08-01T00:00:00.0000000Z,111.34,113.84,2021-08-01T00:00:00.0000000Z,1.0008,1.0,2021-08-01T00:00:00.0000000Z,0.284996,0.273909,2021-08-01T00:00:00.0000000Z,0.74644,0.71242,2021-08-01T00:00:00.0000000Z,164.242,156.143,2021-08-01T00:00:00.0000000Z,1.32026,1.368559,2021-08-01T00:00:00.0000000Z,36.8074,34.1092,2021-08-01T00:00:00.0000000Z,0.2078887,0.19608,2021-08-01T00:00:00.0000000Z,3.189412,3.181019,2021-08-01T00:00:00.0000000Z,16.4712,15.998,2021-08-01T00:00:00.0000000Z,22.74181,23.94731
72,2021-08-04T00:00:00.0000000Z,38188.01,42845.11,2021-08-04T00:00:00.0000000Z,2508.16,2892.98,2021-08-04T00:00:00.0000000Z,138.47,148.09,2021-08-04T00:00:00.0000000Z,113.77,126.96,2021-08-04T00:00:00.0000000Z,0.9999,1.0004,2021-08-04T00:00:00.0000000Z,0.273961,0.284779,2021-08-04T00:00:00.0000000Z,0.71531,0.74685,2021-08-04T00:00:00.0000000Z,156.749,167.374,2021-08-04T00:00:00.0000000Z,1.369416,1.400905,2021-08-04T00:00:00.0000000Z,34.0956,39.5231,2021-08-04T00:00:00.0000000Z,0.1964373,0.2045139,2021-08-04T00:00:00.0000000Z,3.191702,4.055157,2021-08-04T00:00:00.0000000Z,16.0287,16.5639,2021-08-04T00:00:00.0000000Z,23.9735,23.8512
73,2021-08-07T00:00:00.0000000Z,42866.12,46302.14,2021-08-07T00:00:00.0000000Z,2892.83,3162.34,2021-08-07T00:00:00.0000000Z,148.06,166.42,2021-08-07T00:00:00.0000000Z,126.91,130.38,2021-08-07T00:00:00.0000000Z,1.0005,1.0002,2021-08-07T00:00:00.0000000Z,0.285404,0.298937,2021-08-07T00:00:00.0000000Z,0.74562,0.81959,2021-08-07T00:00:00.0000000Z,166.695,179.275,2021-08-07T00:00:00.0000000Z,1.403168,1.476611,2021-08-07T00:00:00.0000000Z,39.4838,38.7104,2021-08-07T00:00:00.0000000Z,0.2047615,0.2567171,2021-08-07T00:00:00.0000000Z,4.078166,3.921245,2021-08-07T00:00:00.0000000Z,16.6726,17.2994,2021-08-07T00:00:00.0000000Z,23.88525,24.21702
74,2021-08-10T00:00:00.0000000Z,46263.0,44432.59,2021-08-10T00:00:00.0000000Z,3162.33,3047.21,2021-08-10T00:00:00.0000000Z,166.31,165.51,2021-08-10T00:00:00.0000000Z,130.62,133.53,2021-08-10T00:00:00.0000000Z,1.0002,1.0004,2021-08-10T00:00:00.0000000Z,0.298782,0.328791,2021-08-10T00:00:00.0000000Z,0.81737,0.96577,2021-08-10T00:00:00.0000000Z,179.21,180.316,2021-08-10T00:00:00.0000000Z,1.476368,1.8316,2021-08-10T00:00:00.0000000Z,38.691,41.1078,2021-08-10T00:00:00.0000000Z,0.2561391,0.2640885,2021-08-10T00:00:00.0000000Z,3.921245,3.976144,2021-08-10T00:00:00.0000000Z,17.2466,19.7981,2021-08-10T00:00:00.0000000Z,24.20282,24.93375
75,2021-08-13T00:00:00.0000000Z,44430.71,47023.87,2021-08-13T00:00:00.0000000Z,3047.21,3310.93,2021-08-13T00:00:00.0000000Z,165.53,184.76,2021-08-13T00:00:00.0000000Z,133.85,155.61,2021-08-13T00:00:00.0000000Z,1.0004,1.0008,2021-08-13T00:00:00.0000000Z,0.327651,0.391365,2021-08-13T00:00:00.0000000Z,0.96692,1.28584,2021-08-13T00:00:00.0000000Z,180.614,215.975,2021-08-13T00:00:00.0000000Z,1.832389,2.170323,2021-08-13T00:00:00.0000000Z,41.1009,53.562,2021-08-13T00:00:00.0000000Z,0.2641658,0.3405001,2021-08-13T00:00:00.0000000Z,3.964517,4.415655,2021-08-13T00:00:00.0000000Z,19.844,24.9925,2021-08-13T00:00:00.0000000Z,24.94577,27.89999
