,btc_start_date,price_open,price_close,volume_traded,eth_start_date,price_open,price_close,volume_traded,ltc_start_date,price_open,price_close,volume_traded,ada_start_date,price_open,price_close,volume_traded,doge_start_date,price_open,price_close,volume_traded,xlm_start_date,price_open,price_close,volume_traded,xrp_start_date,price_open,price_close,volume_traded,lisk_start_date,price_open,price_close,volume_traded,waves_start_date,price_open,price_close,volume_traded,zec_start_date,price_open,price_close,volume_traded,sc_start_date,price_open,price_close,volume_traded,usdt_start_date,price_open,price_close,volume_traded,dash_start_date,price_open,price_close,volume_traded
0,2016-01-01T00:00:00.0000000Z,434.17899,395.95,6812.98123866,2016-10-01T00:00:00.0000000Z,11.87,10.90001,302878.96239676,2016-02-01T00:00:00.0000000Z,3.1832,3.37701,33229.75820918,2018-09-01T00:00:00.0000000Z,0.3,0.085512,7543097.95049735,2019-12-01T00:00:00.0000000Z,0.0020521,0.00197,29527718.41036031,2017-01-01T00:00:00.0000000Z,0.00225,0.002149,13705314.60128674,2017-05-01T00:00:00.0000000Z,0.332105,0.249367,122281928.75995971,2019-11-01T00:00:00.0000000Z,0.758226,0.705487,595123.36592361,2019-10-01T00:00:00.0000000Z,0.7204,0.7775,164153.01798544,2016-11-01T00:00:00.0000000Z,280.0,67.20703,2009.42870472,2019-10-01T00:00:00.0000000Z,0.00188,0.00199,37382153.90389286,2017-04-01T00:00:00.0000000Z,1.0009,0.935,5356883.50856883,2017-04-01T00:00:00.0000000Z,71.51334,92.82983,9150.94674848
1,2016-02-01T00:00:00.0000000Z,390.44,433.7,17039.39374761,2016-11-01T00:00:00.0000000Z,10.90002,8.55384,671811.11465111,2016-03-01T00:00:00.0000000Z,3.38009,3.29989,38416.31775037,2018-10-01T00:00:00.0000000Z,0.0855,0.069731,59723408.88187661,2020-01-01T00:00:00.0000000Z,0.0020099,0.0023636,144359962.47915483,2017-02-01T00:00:00.0000000Z,0.002298,0.00192,13727735.56192263,2017-06-01T00:00:00.0000000Z,0.246133,0.244035,183678603.73639855,2019-12-01T00:00:00.0000000Z,0.711102,0.554753,236685.99081599,2019-11-01T00:00:00.0000000Z,0.7849,0.6023,227670.50086418,2016-12-01T00:00:00.0000000Z,68.16396,48.61947,5157.25804573,2019-11-01T00:00:00.0000000Z,0.002,0.00161,82564045.14813721,2017-05-01T00:00:00.0000000Z,0.9351,1.0571,5546006.14659072,2017-05-01T00:00:00.0000000Z,90.02437,137.37001,60526.73150317
2,2016-03-01T00:00:00.0000000Z,404.4,416.1,48153.07030797,2016-12-01T00:00:00.0000000Z,8.55,8.07,1019535.73161904,2016-04-01T00:00:00.0000000Z,3.23729,3.69254,21566.96331587,2018-11-01T00:00:00.0000000Z,0.069638,0.0386,126552300.10785829,2020-02-01T00:00:00.0000000Z,0.0023593,0.0022133,317556965.9463435,2017-03-01T00:00:00.0000000Z,0.001833,0.002282,79348965.77807531,2017-07-01T00:00:00.0000000Z,0.246792,0.1651,233919484.1867396,2020-01-01T00:00:00.0000000Z,0.552755,1.149,292597.50257229,2019-12-01T00:00:00.0000000Z,0.5798,1.0105,2027183.85683547,2017-01-01T00:00:00.0000000Z,48.0,39.72103,4937.52376119,2019-12-01T00:00:00.0000000Z,0.0016,0.0013,53897657.77504342,2017-06-01T00:00:00.0000000Z,1.05,1.0061,12866885.88907651,2017-06-01T00:00:00.0000000Z,140.64014,174.73788,62989.83025877
3,2016-04-01T00:00:00.0000000Z,416.1,448.906,29351.49936004,2017-01-01T00:00:00.0000000Z,8.09999,10.66911,890222.19608159,2016-05-01T00:00:00.0000000Z,3.64001,4.5568,44692.4445687,2018-12-01T00:00:00.0000000Z,0.038637,0.0407,160112086.59860343,2020-03-01T00:00:00.0000000Z,0.0022132,0.00179,305375570.0768375,2017-04-01T00:00:00.0000000Z,0.002278,0.004805,82106114.72977802,2017-08-01T00:00:00.0000000Z,0.165299,0.26,438200607.36429054,2020-02-01T00:00:00.0000000Z,1.036572,1.281456,1595833.6400624,2020-01-01T00:00:00.0000000Z,1.014,0.8841,1496916.42471263,2017-02-01T00:00:00.0000000Z,39.04901,36.87479,6424.26270077,2020-01-01T00:00:00.0000000Z,0.0013,0.0016,120958863.8807912,2017-07-01T00:00:00.0000000Z,1.0144,1.0025,22041480.23083514,2017-07-01T00:00:00.0000000Z,179.97646,178.5,81831.26943358
4,2016-05-01T00:00:00.0000000Z,448.904,531.19,43005.72007565,2017-02-01T00:00:00.0000000Z,10.75997,15.63,997873.77262309,2016-06-01T00:00:00.0000000Z,4.638,4.16053,57597.78825099,2019-01-01T00:00:00.0000000Z,0.040388,0.038247,124152466.80825666,2020-04-01T00:00:00.0000000Z,0.0017882,0.0023374,207984084.2935252,2017-05-01T00:00:00.0000000Z,0.004805,0.034,720767962.477544,2017-09-01T00:00:00.0000000Z,0.259995,0.19903,301335988.42768914,2020-03-01T00:00:00.0000000Z,1.283764,0.977245,752377.12639653,2020-02-01T00:00:00.0000000Z,0.8847,1.1298,1902734.19913326,2017-03-01T00:00:00.0000000Z,36.91646,62.22333,25896.17726992,2020-02-01T00:00:00.0000000Z,0.0016,0.00227,423629704.7214274,2017-08-01T00:00:00.0000000Z,1.004,1.0046,19335339.5990358,2017-08-01T00:00:00.0000000Z,178.5,387.182,61795.47449927
5,2016-06-01T00:00:00.0000000Z,530.834,671.524,95787.85175508,2017-03-01T00:00:00.0000000Z,15.62999,49.6975,3386529.6311741,2016-07-01T00:00:00.0000000Z,4.27981,3.94,28735.22020841,2019-02-01T00:00:00.0000000Z,0.03807,0.042765,93318811.3441736,2020-05-01T00:00:00.0000000Z,0.0024632,0.0025378,236250086.270174,2017-06-01T00:00:00.0000000Z,0.034,0.026694,209614446.9136031,2017-10-01T00:00:00.0000000Z,0.19904,0.19906,318538449.1595568,2020-04-01T00:00:00.0000000Z,0.966875,1.218623,2522336.46137106,2020-03-01T00:00:00.0000000Z,1.1293,0.9968,1636154.72170622,2017-04-01T00:00:00.0000000Z,63.43361,92.72201,25668.89972668,2020-03-01T00:00:00.0000000Z,0.00227,0.00128,412374136.5940702,2017-09-01T00:00:00.0000000Z,1.0033,0.9998,23008649.60473766,2017-09-01T00:00:00.0000000Z,386.0,330.0,55804.81755363
6,2016-07-01T00:00:00.0000000Z,672.22,622.57,36871.90241741,2017-04-01T00:00:00.0000000Z,49.69,78.367,1165796.97039053,2016-08-01T00:00:00.0000000Z,3.92137,3.65158,31691.89561937,2019-03-01T00:00:00.0000000Z,0.042789,0.069574,184693811.4042636,2020-06-01T00:00:00.0000000Z,0.0025567,0.0023029,194199055.20211005,2017-07-01T00:00:00.0000000Z,0.026505,0.016269,230938509.66055837,2017-11-01T00:00:00.0000000Z,0.19901,0.24,282110922.8692642,2020-05-01T00:00:00.0000000Z,1.229269,1.19798,544785.5118763,2020-04-01T00:00:00.0000000Z,0.9703,1.0552,1307004.38557928,2017-05-01T00:00:00.0000000Z,92.72694,231.36099,66842.63633707,2020-04-01T00:00:00.0000000Z,0.00124,0.00205,344590199.3498358,2017-10-01T00:00:00.0000000Z,0.9998,0.9999,30470689.9308768,2017-10-01T00:00:00.0000000Z,328.124,279.38,28518.58534445
7,2016-08-01T00:00:00.0000000Z,623.52,574.22,41026.06012398,2017-05-01T00:00:00.0000000Z,78.36667,228.5,3020777.26615179,2016-09-01T00:00:00.0000000Z,3.8,3.83373,10627.30568805,2019-04-01T00:00:00.0000000Z,0.069363,0.06931,236411442.8201005,2020-07-01T00:00:00.0000000Z,0.0023047,0.0032214,3692148941.9367085,2017-08-01T00:00:00.0000000Z,0.016269,0.01706,185501601.31117,2017-12-01T00:00:00.0000000Z,0.24,1.99004,578525713.2072203,2020-06-01T00:00:00.0000000Z,1.197982,1.145737,459618.98947315,2020-05-01T00:00:00.0000000Z,1.0808,1.0908,1277462.93036537,2017-06-01T00:00:00.0000000Z,233.11487,294.79606,67319.61503618,2020-05-01T00:00:00.0000000Z,0.00212,0.00235,494496735.07387054,2017-11-01T00:00:00.0000000Z,0.999,1.0067,24823706.40948579,2017-11-01T00:00:00.0000000Z,279.0,779.852,72057.46362545
8,2016-09-01T00:00:00.0000000Z,574.21,612.5,20068.95209493,2017-06-01T00:00:00.0000000Z,227.40051,280.0,2827969.55089797,2016-10-01T00:00:00.0000000Z,3.84825,4.03078,20492.23863669,2019-05-01T00:00:00.0000000Z,0.069323,0.089212,340109459.00401765,2020-08-01T00:00:00.0000000Z,0.003214,0.0032268,1052103058.1549723,2018-02-01T00:00:00.0000000Z,0.4539,0.330001,36573919.94301239,2018-01-01T00:00:00.0000000Z,1.99004,1.1202,765445473.4178604,2020-07-01T00:00:00.0000000Z,1.137183,1.280154,478859.96207952,2020-06-01T00:00:00.0000000Z,1.0909,1.1258,1378321.29345629,2017-07-01T00:00:00.0000000Z,294.79606,174.0,62711.62666939,2020-06-01T00:00:00.0000000Z,0.00237,0.00281,926797920.7534158,2017-12-01T00:00:00.0000000Z,1.0095,1.019,60404851.56396852,2017-12-01T00:00:00.0000000Z,779.0,1027.191,57779.23534492
9,2016-10-01T00:00:00.0000000Z,612.5,698.919,28400.57346374,2017-07-01T00:00:00.0000000Z,280.9999,201.7777,4388107.3970809,2016-11-01T00:00:00.0000000Z,4.0,3.83729,16222.80447082,2019-06-01T00:00:00.0000000Z,0.089,0.082022,419634787.03405076,2020-09-01T00:00:00.0000000Z,0.0032122,0.0026279,843058126.1746632,2018-03-01T00:00:00.0000000Z,0.331,0.203963,193677865.63973236,2018-02-01T00:00:00.0000000Z,1.12014,0.88697,634496464.6107434,2020-08-01T00:00:00.0000000Z,1.291871,1.799,1534766.03501466,2020-07-01T00:00:00.0000000Z,1.1255,1.5239,2524069.05133196,2017-08-01T00:00:00.0000000Z,174.0,290.0,57751.9595006,2020-07-01T00:00:00.0000000Z,0.00279,0.00305,862186014.2249272,2018-01-01T00:00:00.0000000Z,1.0191,0.985,132529405.21914876,2018-01-01T00:00:00.0000000Z,1027.191,689.5,61271.89093508
10,2016-11-01T00:00:00.0000000Z,698.79,742.396,41727.84672872,2017-08-01T00:00:00.0000000Z,201.7777,388.003,2348182.50404785,2016-12-01T00:00:00.0000000Z,3.88531,4.37736,33074.24684974,2019-07-01T00:00:00.0000000Z,0.081446,0.060128,247609298.58302575,2020-10-01T00:00:00.0000000Z,0.002657,0.0025752,597389422.5026581,2018-04-01T00:00:00.0000000Z,0.206096,0.424,253355561.24500978,2018-03-01T00:00:00.0000000Z,0.88485,0.49841,347274241.21730983,2020-09-01T00:00:00.0000000Z,1.795903,1.196873,816619.43633878,2020-08-01T00:00:00.0000000Z,1.5264,3.6183,7949640.37999423,2017-09-01T00:00:00.0000000Z,292.959,277.0,96832.63923931,2020-08-01T00:00:00.0000000Z,0.00305,0.00458,1128242838.3595388,2018-02-01T00:00:00.0000000Z,0.9852,0.9999,104279588.69136779,2018-02-01T00:00:00.0000000Z,689.5,582.368,44776.54752281
11,2016-12-01T00:00:00.0000000Z,742.396,967.45,43463.19551154,2017-09-01T00:00:00.0000000Z,388.649,302.2,2726662.16216501,2017-01-01T00:00:00.0000000Z,4.37999,4.12475,79997.19102745,2019-08-01T00:00:00.0000000Z,0.060128,0.044879,261738347.1501845,2020-11-01T00:00:00.0000000Z,0.0025616,0.003545,851897524.9627188,2018-05-01T00:00:00.0000000Z,0.423999,0.296636,141081709.91372317,2018-04-01T00:00:00.0000000Z,0.49842,0.83101,329374751.40842664,2020-10-01T00:00:00.0000000Z,1.182999,1.052737,403997.2637343,2020-09-01T00:00:00.0000000Z,3.5996,2.5682,2851237.18383214,2017-10-01T00:00:00.0000000Z,278.38,234.0,67449.0778272,2020-09-01T00:00:00.0000000Z,0.00458,0.00308,551848488.4879576,2018-03-01T00:00:00.0000000Z,0.9996,0.9972,58388950.16052217,2018-03-01T00:00:00.0000000Z,580.0,303.719,49763.21180451
12,2017-01-01T00:00:00.0000000Z,968.75,969.739,86944.74851191,2017-10-01T00:00:00.0000000Z,302.19,304.12,598233.57449915,2017-02-01T00:00:00.0000000Z,4.11786,3.77,70749.80383607,2019-09-01T00:00:00.0000000Z,0.0448,0.038933,295518322.4975679,2020-12-01T00:00:00.0000000Z,0.0035606,0.0046843,3262857497.27188,2018-06-01T00:00:00.0000000Z,0.297199,0.192017,105439340.1232559,2018-05-01T00:00:00.0000000Z,0.83103,0.61108,210808758.19108456,2020-11-01T00:00:00.0000000Z,1.031689,1.328984,839585.87154972,2020-10-01T00:00:00.0000000Z,2.5738,3.2141,3504454.38928431,2017-11-01T00:00:00.0000000Z,234.0,301.46,98410.43756108,2020-10-01T00:00:00.0000000Z,0.0031,0.00247,385476983.1028466,2018-04-01T00:00:00.0000000Z,0.9972,1.0002,45585032.7199477,2018-04-01T00:00:00.0000000Z,303.809,473.475,38776.38426296
13,2017-02-01T00:00:00.0000000Z,968.166,1180.0,61053.17522179,2017-11-01T00:00:00.0000000Z,304.11,439.25,1698386.04787808,2017-03-01T00:00:00.0000000Z,3.77,7.07063,370887.49690087,2019-10-01T00:00:00.0000000Z,0.038754,0.04138,101712702.06989665,2021-01-01T00:00:00.0000000Z,0.0046804,0.037,23559448055.573586,2018-07-01T00:00:00.0000000Z,0.193298,0.275147,271137976.0495252,2018-06-01T00:00:00.0000000Z,0.60989,0.46871,143490713.54755354,2020-12-01T00:00:00.0000000Z,1.328611,1.14625,967971.7620906,2020-11-01T00:00:00.0000000Z,3.2167,7.0667,3910160.34976961,2017-12-01T00:00:00.0000000Z,300.71,478.67,115147.83256808,2020-11-01T00:00:00.0000000Z,0.00249,0.00338,826923135.0341421,2018-05-01T00:00:00.0000000Z,1.0001,0.9987,58077690.06167395,2018-05-01T00:00:00.0000000Z,473.475,304.394,25859.24255408
14,2017-03-01T00:00:00.0000000Z,1181.998,1079.78,114427.90559524,2017-12-01T00:00:00.0000000Z,438.56,745.98,979584.10284372,2017-04-01T00:00:00.0000000Z,7.07042,15.65775,1107305.72130465,2019-11-01T00:00:00.0000000Z,0.041096,0.040458,116737700.50114118,2021-02-01T00:00:00.0000000Z,0.0369461,0.0482549,20695748909.52945,2018-08-01T00:00:00.0000000Z,0.275201,0.223409,169869171.35943806,2018-07-01T00:00:00.0000000Z,0.46781,0.43454,116261117.35931309,2021-01-01T00:00:00.0000000Z,1.144953,1.322039,1456412.33767507,2020-12-01T00:00:00.0000000Z,7.0815,6.2,3006900.73110844,2018-01-01T00:00:00.0000000Z,479.76,393.93,102428.97599703,2020-12-01T00:00:00.0000000Z,0.00337,0.00312,925394492.2089401,2018-06-01T00:00:00.0000000Z,0.9989,0.9987,36871978.34126824,2018-06-01T00:00:00.0000000Z,305.4,239.024,21546.51808667
15,2017-04-01T00:00:00.0000000Z,1080.03,1350.717,65383.51623995,2018-01-01T00:00:00.0000000Z,744.39,1105.3,1379339.52096729,2017-05-01T00:00:00.0000000Z,15.66061,25.78,1706270.4882771,2019-12-01T00:00:00.0000000Z,0.040289,0.032672,93542731.60426223,2021-03-01T00:00:00.0000000Z,0.048308,0.0538292,3169104764.513265,2018-09-01T00:00:00.0000000Z,0.223517,0.25967,169657536.45295104,2018-08-01T00:00:00.0000000Z,0.43454,0.335,151551556.19626027,2021-02-01T00:00:00.0000000Z,1.3,2.912001,5749559.58920711,2021-01-01T00:00:00.0000000Z,6.2,6.5927,6945475.19487318,2018-02-01T00:00:00.0000000Z,393.81,380.3,76193.44255699,2021-01-01T00:00:00.0000000Z,0.00312,0.0074,3612022289.795096,2018-07-01T00:00:00.0000000Z,0.9987,0.998,37605962.76933554,2018-07-01T00:00:00.0000000Z,239.9,217.576,44737.57765201
16,2017-05-01T00:00:00.0000000Z,1344.601,2291.301,221472.6392975,2018-02-01T00:00:00.0000000Z,1105.3,850.1,1779320.56861525,2017-06-01T00:00:00.0000000Z,25.79808,39.04784,1427534.15944613,2020-01-01T00:00:00.0000000Z,0.032652,0.053794,174479162.23615584,2021-04-01T00:00:00.0000000Z,0.0538285,0.3384562,14208367904.475035,2018-10-01T00:00:00.0000000Z,0.258002,0.224888,77526854.0711618,2018-09-01T00:00:00.0000000Z,0.33518,0.5792,393379584.61239594,2021-03-01T00:00:00.0000000Z,2.938605,6.24,3541262.67710917,2021-02-01T00:00:00.0000000Z,6.4876,8.8705,5635683.92384642,2018-03-01T00:00:00.0000000Z,380.0,184.13,50285.68861841,2021-02-01T00:00:00.0000000Z,0.00744,0.00964,5393810126.913472,2018-08-01T00:00:00.0000000Z,0.998,0.9998,35234873.10476756,2018-08-01T00:00:00.0000000Z,218.793,195.1,62024.40518126
17,2017-06-01T00:00:00.0000000Z,2291.301,2445.0,214516.22790491,2018-03-01T00:00:00.0000000Z,850.11,392.4,1917408.27247277,2017-07-01T00:00:00.0000000Z,39.04785,42.34721,2015750.93445261,2020-02-01T00:00:00.0000000Z,0.053762,0.047284,224145472.15905198,2021-05-01T00:00:00.0000000Z,0.3382934,0.3258743,11065476280.597261,2018-11-01T00:00:00.0000000Z,0.223673,0.156732,224063120.26731676,2018-10-01T00:00:00.0000000Z,0.5798,0.45,228336841.18959495,2021-04-01T00:00:00.0000000Z,6.241653,5.449347,2431627.44233525,2021-03-01T00:00:00.0000000Z,9.0236,11.9979,1720525.03806858,2018-04-01T00:00:00.0000000Z,184.13,284.41,44602.21027019,2021-03-01T00:00:00.0000000Z,0.00965,0.02585,6533422480.690383,2018-09-01T00:00:00.0000000Z,0.9995,0.9964,55500514.97649825,2018-09-01T00:00:00.0000000Z,194.704,186.31,49986.45949871
18,2017-07-01T00:00:00.0000000Z,2443.36,2876.133,260245.31788653,2018-04-01T00:00:00.0000000Z,393.25,669.57,1888070.60320209,2017-08-01T00:00:00.0000000Z,42.456,73.3708,1220401.98793173,2020-03-01T00:00:00.0000000Z,0.047138,0.030575,370212721.25238407,2021-06-01T00:00:00.0000000Z,0.3254472,0.2542857,3318225734.921063,2018-12-01T00:00:00.0000000Z,0.156398,0.10932,230335537.2760681,2018-11-01T00:00:00.0000000Z,0.45047,0.35869,393775011.9840039,2021-05-01T00:00:00.0000000Z,5.43333,3.555353,5158677.44460648,2021-04-01T00:00:00.0000000Z,11.9979,23.3121,3703859.16262862,2018-05-01T00:00:00.0000000Z,284.42,239.43,91506.98775911,2021-04-01T00:00:00.0000000Z,0.02585,0.04077,12081528015.579166,2018-10-01T00:00:00.0000000Z,0.9967,0.9919,168685461.04729795,2018-10-01T00:00:00.0000000Z,187.59,152.199,25417.59634092
19,2017-08-01T00:00:00.0000000Z,2876.133,4737.27,228405.86180082,2018-05-01T00:00:00.0000000Z,670.13,577.54,1531224.42905229,2017-09-01T00:00:00.0000000Z,73.3708,55.65,2179055.17684485,2020-04-01T00:00:00.0000000Z,0.0305,0.047481,222127283.183455,2021-07-01T00:00:00.0000000Z,0.2540556,0.207632,1808362870.4857686,2019-01-01T00:00:00.0000000Z,0.109636,0.080864,96426718.7429554,2018-12-01T00:00:00.0000000Z,0.35869,0.34785,304729177.0284706,2021-06-01T00:00:00.0000000Z,3.574444,2.671989,1605193.90017712,2021-05-01T00:00:00.0000000Z,23.3321,13.8872,4334058.15290306,2018-06-01T00:00:00.0000000Z,240.04,170.67,27875.66694195,2021-05-01T00:00:00.0000000Z,0.04075,0.01785,12427134961.90701,2018-11-01T00:00:00.0000000Z,0.9915,0.9844,206235500.52156976,2018-11-01T00:00:00.0000000Z,151.717,90.999,66444.37651369
20,2017-09-01T00:00:00.0000000Z,4737.02,4344.0,205468.18517438,2018-06-01T00:00:00.0000000Z,577.35,453.05,1667017.0158443,2017-10-01T00:00:00.0000000Z,55.56,55.47,799077.84726983,2020-05-01T00:00:00.0000000Z,0.047609,0.074002,457637649.2183909,2021-08-01T00:00:00.0000000Z,0.2078887,0.2892421,1245378947.017934,2019-02-01T00:00:00.0000000Z,0.081,0.083897,120494324.63628447,2019-01-01T00:00:00.0000000Z,0.34718,0.30649,240902654.9015217,2021-07-01T00:00:00.0000000Z,2.658453,3.222598,1296039.08285922,2021-06-01T00:00:00.0000000Z,13.7462,16.2969,2044321.21203191,2018-07-01T00:00:00.0000000Z,170.66,209.23,56803.61617394,2021-06-01T00:00:00.0000000Z,0.01785,0.0133,7034172762.705767,2018-12-01T00:00:00.0000000Z,0.9842,0.9991,83151933.18180819,2018-12-01T00:00:00.0000000Z,90.703,77.073,112577.02015771
21,2017-10-01T00:00:00.0000000Z,4343.9,6430.5,91987.22663715,2018-07-01T00:00:00.0000000Z,453.0,431.67,1095661.14996661,2017-11-01T00:00:00.0000000Z,55.44,87.59,1159555.24358362,2020-06-01T00:00:00.0000000Z,0.073825,0.083837,523315451.0642271,,,,,2019-03-01T00:00:00.0000000Z,0.084164,0.107759,153275996.99903348,2019-02-01T00:00:00.0000000Z,0.30779,0.31267,292731267.62388957,2021-08-01T00:00:00.0000000Z,3.189412,4.155946,1069758.67901297,2021-07-01T00:00:00.0000000Z,16.1607,16.5839,786109.47895816,2018-08-01T00:00:00.0000000Z,208.01,150.01,59883.33470638,2021-07-01T00:00:00.0000000Z,0.01331,0.015,5121808433.235192,2019-01-01T00:00:00.0000000Z,0.9991,0.994,143206590.77011344,2019-01-01T00:00:00.0000000Z,77.635,66.55,39131.47556139
22,2017-11-01T00:00:00.0000000Z,6442.3,10088.5,159007.77124597,2018-08-01T00:00:00.0000000Z,431.76,281.6,1413788.19705532,2017-12-01T00:00:00.0000000Z,87.58,230.3,1108775.68695991,2020-07-01T00:00:00.0000000Z,0.083352,0.140104,973862572.1613142,,,,,2019-04-01T00:00:00.0000000Z,0.107911,0.099763,148522318.63853544,2019-03-01T00:00:00.0000000Z,0.31247,0.30811,198608295.79982108,,,,,2021-08-01T00:00:00.0000000Z,16.4712,19.4611,152190.21779868,2018-09-01T00:00:00.0000000Z,150.12,129.87,51178.43573671,2021-08-01T00:00:00.0000000Z,0.01499,0.01898,2054027635.8885982,2019-02-01T00:00:00.0000000Z,0.9933,0.995,69437862.11852346,2019-02-01T00:00:00.0000000Z,66.63,80.96,41917.53092329
23,2017-12-01T00:00:00.0000000Z,10087.8,13990.0,129092.02069469,2018-09-01T00:00:00.0000000Z,281.59,231.96,3099220.8650661,2018-01-01T00:00:00.0000000Z,230.32,162.3,839765.77628137,2020-08-01T00:00:00.0000000Z,0.140017,0.122566,534900524.46354276,,,,,2019-05-01T00:00:00.0000000Z,0.099763,0.133041,273352426.8823143,2019-04-01T00:00:00.0000000Z,0.30808,0.30511,363524905.6818088,,,,,,,,,2018-10-01T00:00:00.0000000Z,129.71,115.16,39803.52397883,,,,,2019-03-01T00:00:00.0000000Z,0.995,0.9975,51759979.00089705,2019-03-01T00:00:00.0000000Z,82.155,110.2,47508.95102716
24,2018-01-01T00:00:00.0000000Z,13971.1,10101.6,147606.21917445,2018-10-01T00:00:00.0000000Z,231.96,196.88,1443435.16998848,2018-02-01T00:00:00.0000000Z,162.33,201.84,1374386.34449471,2020-09-01T00:00:00.0000000Z,0.122922,0.10136,373312022.3258859,,,,,2019-06-01T00:00:00.0000000Z,0.133565,0.103835,225564898.4911531,2019-05-01T00:00:00.0000000Z,0.30554,0.43844,763775619.902339,,,,,,,,,2018-11-01T00:00:00.0000000Z,115.2,79.44,142754.99616661,,,,,2019-04-01T00:00:00.0000000Z,0.9972,0.9896,211549058.54858238,2019-04-01T00:00:00.0000000Z,110.2,110.1,83035.45054874
25,2018-02-01T00:00:00.0000000Z,10105.5,10310.0,311097.47516451,2018-11-01T00:00:00.0000000Z,196.99,111.64,3533781.95304331,2018-03-01T00:00:00.0000000Z,201.73,115.84,781253.71721197,2020-10-01T00:00:00.0000000Z,0.10147,0.093183,284540965.91878074,,,,,2019-07-01T00:00:00.0000000Z,0.104,0.08374,121266816.09813052,2019-06-01T00:00:00.0000000Z,0.4375,0.39216,677425388.2627413,,,,,,,,,2018-12-01T00:00:00.0000000Z,80.25,55.02,88363.92152335,,,,,2019-05-01T00:00:00.0000000Z,0.9898,1.0005,161269652.30556965,2019-05-01T00:00:00.0000000Z,110.1,166.0,109560.34948235
26,2018-03-01T00:00:00.0000000Z,10309.0,6911.1,364738.92005302,2018-12-01T00:00:00.0000000Z,111.81,130.86,5550937.13381422,2018-04-01T00:00:00.0000000Z,115.85,148.38,596343.13593956,2020-11-01T00:00:00.0000000Z,0.093162,0.172279,803994983.4691486,,,,,2019-08-01T00:00:00.0000000Z,0.083779,0.062099,69616722.78478447,2019-07-01T00:00:00.0000000Z,0.39224,0.31997,445735427.0174579,,,,,,,,,2019-01-01T00:00:00.0000000Z,55.02,48.67,44283.79340214,,,,,2019-06-01T00:00:00.0000000Z,1.0002,0.99,129834534.34928238,2019-06-01T00:00:00.0000000Z,165.999,155.767,68210.05314946
27,2018-04-01T00:00:00.0000000Z,6913.8,9243.2,217398.70078788,2019-01-01T00:00:00.0000000Z,130.77,105.69,3776588.00221007,2018-05-01T00:00:00.0000000Z,148.41,118.18,423442.11269613,2020-12-01T00:00:00.0000000Z,0.17228,0.181689,887920150.7424034,,,,,2019-09-01T00:00:00.0000000Z,0.062229,0.06193,153089693.01131386,2019-08-01T00:00:00.0000000Z,0.31981,0.25799,307942855.6057263,,,,,,,,,2019-02-01T00:00:00.0000000Z,48.28,50.85,51594.07556135,,,,,2019-07-01T00:00:00.0000000Z,0.99,1.0003,86000614.04913038,2019-07-01T00:00:00.0000000Z,155.26,108.404,49482.64467291
28,2018-05-01T00:00:00.0000000Z,9246.5,7485.6,133746.86687778,2019-02-01T00:00:00.0000000Z,105.74,134.52,3774851.41357264,2018-06-01T00:00:00.0000000Z,118.16,81.06,333144.34656761,2021-01-01T00:00:00.0000000Z,0.181702,0.345201,1809088580.0667014,,,,,2019-10-01T00:00:00.0000000Z,0.06193,0.06488,90780815.16415073,2019-09-01T00:00:00.0000000Z,0.25785,0.25674,494293873.2314966,,,,,,,,,2019-03-01T00:00:00.0000000Z,50.85,58.18,56659.60633483,,,,,2019-08-01T00:00:00.0000000Z,1.0004,1.0002,68562743.96679239,2019-08-01T00:00:00.0000000Z,107.381,80.0,106272.6074712
29,2018-06-01T00:00:00.0000000Z,7490.9,6387.9,120310.78777978,2019-03-01T00:00:00.0000000Z,134.59,141.29,2174685.68955418,2018-07-01T00:00:00.0000000Z,81.36,78.75,245140.12145248,2021-02-01T00:00:00.0000000Z,0.345201,1.315604,2706574695.3910775,,,,,2019-11-01T00:00:00.0000000Z,0.06493,0.057313,210554989.93372157,2019-10-01T00:00:00.0000000Z,0.25705,0.2946,451157183.5513551,,,,,,,,,2019-04-01T00:00:00.0000000Z,58.7,60.03,85742.74261359,,,,,2019-09-01T00:00:00.0000000Z,1.0003,1.0022,58055152.06325441,2019-09-01T00:00:00.0000000Z,80.034,70.59,104882.37534622
30,2018-07-01T00:00:00.0000000Z,6387.0,7726.0,124102.36788215,2019-04-01T00:00:00.0000000Z,141.11,160.36,2906727.10559603,2018-08-01T00:00:00.0000000Z,78.8,62.16,273683.61123393,2021-03-01T00:00:00.0000000Z,1.316434,1.19237,1524964467.1917262,,,,,2019-12-01T00:00:00.0000000Z,0.057063,0.0447,117109010.60618517,2019-11-01T00:00:00.0000000Z,0.2946,0.22594,392257199.09729457,,,,,,,,,2019-05-01T00:00:00.0000000Z,59.99,90.56,126844.83738056,,,,,2019-10-01T00:00:00.0000000Z,1.002,1.0007,57400468.56688409,2019-10-01T00:00:00.0000000Z,71.0,71.577,64322.38060879
31,2018-08-01T00:00:00.0000000Z,7726.0,7015.8,149781.15992347,2019-05-01T00:00:00.0000000Z,160.31,267.56,4943665.87218123,2018-09-01T00:00:00.0000000Z,62.08,60.96,334817.75625426,2021-04-01T00:00:00.0000000Z,1.192458,1.354226,894478014.5140675,,,,,2020-01-01T00:00:00.0000000Z,0.044647,0.060831,108298885.3422729,2019-12-01T00:00:00.0000000Z,0.22591,0.1926,353168111.3896765,,,,,,,,,2019-06-01T00:00:00.0000000Z,90.32,102.11,153565.51120004,,,,,2019-11-01T00:00:00.0000000Z,1.0011,1.001,61860842.89514306,2019-11-01T00:00:00.0000000Z,71.752,55.049,52776.04385422
32,2018-09-01T00:00:00.0000000Z,7014.8,6604.1,120259.67689265,2019-06-01T00:00:00.0000000Z,267.48,289.5,2796162.79848226,2018-10-01T00:00:00.0000000Z,61.0,49.42,250814.39112779,2021-05-01T00:00:00.0000000Z,1.354038,1.74,1946820593.9018857,,,,,2020-02-01T00:00:00.0000000Z,0.060375,0.056963,185409274.18878096,2020-01-01T00:00:00.0000000Z,0.19236,0.2389,441686026.4819232,,,,,,,,,2019-07-01T00:00:00.0000000Z,102.1,67.82,87978.33364978,,,,,2019-12-01T00:00:00.0000000Z,1.001,0.9963,63003189.42795221,2019-12-01T00:00:00.0000000Z,55.049,41.027,81160.08123278
33,2018-10-01T00:00:00.0000000Z,6603.8,6307.5,80038.91904959,2019-07-01T00:00:00.0000000Z,289.88,218.68,2200305.68751926,2018-11-01T00:00:00.0000000Z,49.49,31.65,570270.62275405,2021-06-01T00:00:00.0000000Z,1.74,1.384683,907550695.3341373,,,,,2020-03-01T00:00:00.0000000Z,0.056944,0.040939,189196675.72871825,2020-02-01T00:00:00.0000000Z,0.23902,0.22883,651033294.33518,,,,,,,,,2019-08-01T00:00:00.0000000Z,68.1,44.87,68618.95414143,,,,,2020-01-01T00:00:00.0000000Z,0.9962,0.9983,58398205.55915362,2020-01-01T00:00:00.0000000Z,40.855,115.961,257263.21398098
34,2018-11-01T00:00:00.0000000Z,6307.5,3969.4,240664.0646479,2019-08-01T00:00:00.0000000Z,218.55,171.92,1218410.41964572,2018-12-01T00:00:00.0000000Z,31.62,29.77,886139.58893443,2021-07-01T00:00:00.0000000Z,1.384918,1.318233,380910534.27883613,,,,,2020-04-01T00:00:00.0000000Z,0.040767,0.067277,140420452.9904344,2020-03-01T00:00:00.0000000Z,0.22929,0.17374,871751151.676954,,,,,,,,,2019-09-01T00:00:00.0000000Z,44.89,38.84,79346.39386976,,,,,2020-02-01T00:00:00.0000000Z,0.9983,1.0002,73868730.44786844,2020-02-01T00:00:00.0000000Z,115.514,85.254,101856.82897428
35,2018-12-01T00:00:00.0000000Z,3969.4,3691.9,361919.0997775,2019-09-01T00:00:00.0000000Z,171.92,181.53,1690896.63755441,2019-01-01T00:00:00.0000000Z,29.88,31.18,583744.19149282,2021-08-01T00:00:00.0000000Z,1.32026,1.85965,182625307.5192788,,,,,2020-05-01T00:00:00.0000000Z,0.06762,0.070787,179281499.66611454,2020-04-01T00:00:00.0000000Z,0.17409,0.21178,458191761.7548519,,,,,,,,,2019-10-01T00:00:00.0000000Z,38.67,37.42,75615.70288874,,,,,2020-03-01T00:00:00.0000000Z,1.0002,1.0017,134040793.53953321,2020-03-01T00:00:00.0000000Z,85.328,64.946,161380.67086893
36,2019-01-01T00:00:00.0000000Z,3690.9,3409.6,176513.30439062,2019-10-01T00:00:00.0000000Z,181.16,182.45,1430519.37244437,2019-02-01T00:00:00.0000000Z,31.18,45.35,946741.01462982,,,,,,,,,2020-06-01T00:00:00.0000000Z,0.070155,0.066922,154432228.01500538,2020-05-01T00:00:00.0000000Z,0.21139,0.20239,308141079.82841355,,,,,,,,,2019-11-01T00:00:00.0000000Z,37.52,29.02,79592.15967042,,,,,2020-04-01T00:00:00.0000000Z,1.0018,1.0005,247020402.03846866,2020-04-01T00:00:00.0000000Z,64.978,80.817,88228.89156144
37,2019-02-01T00:00:00.0000000Z,3409.6,3793.7,144024.69998565,2019-11-01T00:00:00.0000000Z,182.44,151.74,964307.33793599,2019-03-01T00:00:00.0000000Z,45.37,60.29,546142.52436881,,,,,,,,,2020-07-01T00:00:00.0000000Z,0.066593,0.096714,275930742.9867597,2020-06-01T00:00:00.0000000Z,0.2022,0.17538,268615202.30596,,,,,,,,,2019-12-01T00:00:00.0000000Z,28.96,27.41,99402.20446376,,,,,2020-05-01T00:00:00.0000000Z,1.0003,0.9994,209405899.90464747,2020-05-01T00:00:00.0000000Z,81.3,76.331,57169.60405765
38,2019-03-01T00:00:00.0000000Z,3793.6,4095.2,101402.46630555,2019-12-01T00:00:00.0000000Z,151.61,128.59,940901.67825476,2019-04-01T00:00:00.0000000Z,60.08,73.51,866015.38626333,,,,,,,,,2020-08-01T00:00:00.0000000Z,0.097,0.096914,247333476.02368763,2020-07-01T00:00:00.0000000Z,0.17534,0.26013,448968160.69886494,,,,,,,,,2020-01-01T00:00:00.0000000Z,27.34,66.2,606228.0250881,,,,,2020-06-01T00:00:00.0000000Z,0.9994,0.9998,172482345.50048926,2020-06-01T00:00:00.0000000Z,76.093,68.16,42567.56451656
39,2019-04-01T00:00:00.0000000Z,4095.1,5272.2,203028.9655285,2020-01-01T00:00:00.0000000Z,128.66,179.68,1754990.18750075,2019-05-01T00:00:00.0000000Z,73.55,114.64,1289172.24053015,,,,,,,,,2020-09-01T00:00:00.0000000Z,0.096887,0.0746,138734872.8604381,2020-08-01T00:00:00.0000000Z,0.25991,0.28132,827925001.2870235,,,,,,,,,2020-02-01T00:00:00.0000000Z,66.36,49.0,105278.92404706,,,,,2020-07-01T00:00:00.0000000Z,0.9998,1.0015,189913177.3858356,2020-07-01T00:00:00.0000000Z,67.767,82.629,66764.51436164
40,2019-05-01T00:00:00.0000000Z,5272.2,8552.9,322176.75365249,2020-02-01T00:00:00.0000000Z,179.68,217.78,2548585.87140224,2019-06-01T00:00:00.0000000Z,114.56,122.0,1463611.06672926,,,,,,,,,2020-10-01T00:00:00.0000000Z,0.074846,0.077742,146386096.3995741,2020-09-01T00:00:00.0000000Z,0.2814,0.24184,365107955.91850156,,,,,,,,,2020-03-01T00:00:00.0000000Z,49.32,30.93,200629.12183797,,,,,2020-08-01T00:00:00.0000000Z,1.0014,1.0002,360641868.11869526,2020-08-01T00:00:00.0000000Z,82.725,86.271,162348.7191524
41,2019-06-01T00:00:00.0000000Z,8552.9,10752.3,362948.57803049,2020-03-01T00:00:00.0000000Z,217.31,133.1,4168217.66418065,2019-07-01T00:00:00.0000000Z,122.34,98.85,1711143.64352377,,,,,,,,,2020-11-01T00:00:00.0000000Z,0.077737,0.203011,750043330.3082339,2020-10-01T00:00:00.0000000Z,0.24198,0.23999,299254466.59960395,,,,,,,,,2020-04-01T00:00:00.0000000Z,30.92,44.61,149920.20352499,,,,,2020-09-01T00:00:00.0000000Z,1.0002,1.0,429042187.66609585,2020-09-01T00:00:00.0000000Z,86.041,69.126,60058.27897991
42,2019-07-01T00:00:00.0000000Z,10749.4,10090.1,358966.3673057,2020-04-01T00:00:00.0000000Z,133.02,206.2,4415679.4657837,2019-08-01T00:00:00.0000000Z,98.85,64.29,981525.45635426,,,,,,,,,2020-12-01T00:00:00.0000000Z,0.20302,0.127627,591027372.7902532,2020-11-01T00:00:00.0000000Z,0.23975,0.66415,1829435625.3486488,,,,,,,,,2020-05-01T00:00:00.0000000Z,44.81,51.77,65244.31927382,,,,,2020-10-01T00:00:00.0000000Z,0.9999,1.0009,386452936.11639935,2020-10-01T00:00:00.0000000Z,69.14,70.231,65521.67666626
43,2019-08-01T00:00:00.0000000Z,10090.3,9604.3,250229.94938362,2020-05-01T00:00:00.0000000Z,206.16,231.76,1904909.99774054,2019-09-01T00:00:00.0000000Z,64.53,56.12,725184.07134956,,,,,,,,,2021-01-01T00:00:00.0000000Z,0.127619,0.307,1354089674.3615394,2020-12-01T00:00:00.0000000Z,0.6647,0.2195,3200681424.782424,,,,,,,,,2020-06-01T00:00:00.0000000Z,51.99,51.51,66990.5835364,,,,,2020-11-01T00:00:00.0000000Z,1.0009,1.0005,723075783.2951636,2020-11-01T00:00:00.0000000Z,70.395,113.197,199658.4438844
44,2019-09-01T00:00:00.0000000Z,9602.1,8310.0,195850.26669039,2020-06-01T00:00:00.0000000Z,231.52,225.68,1478852.51456425,2019-10-01T00:00:00.0000000Z,56.07,58.41,600034.13936003,,,,,,,,,2021-02-01T00:00:00.0000000Z,0.307,0.406,868064165.5908821,2021-01-01T00:00:00.0000000Z,0.21994,0.49561,2719720094.134543,,,,,,,,,2020-07-01T00:00:00.0000000Z,51.55,74.36,87193.5408318,,,,,2020-12-01T00:00:00.0000000Z,1.0007,1.001,1368380784.7991035,2020-12-01T00:00:00.0000000Z,112.833,99.531,193976.03898301
45,2019-10-01T00:00:00.0000000Z,8310.0,9146.7,214846.34001109,2020-07-01T00:00:00.0000000Z,225.61,347.0,1755724.52077426,2019-11-01T00:00:00.0000000Z,58.35,47.23,596940.60922675,,,,,,,,,2021-03-01T00:00:00.0000000Z,0.406521,0.405683,300209307.3267937,2021-02-01T00:00:00.0000000Z,0.49576,0.41661,1665086038.9620275,,,,,,,,,2020-08-01T00:00:00.0000000Z,75.24,78.72,197436.3640312,,,,,2021-01-01T00:00:00.0000000Z,1.0011,1.0008,2304394657.021804,2021-01-01T00:00:00.0000000Z,99.72,102.245,503512.24477827
46,2019-11-01T00:00:00.0000000Z,9151.9,7558.9,180794.90727456,2020-08-01T00:00:00.0000000Z,346.9,433.98,2404929.37475205,2019-12-01T00:00:00.0000000Z,47.0,41.15,417621.59218973,,,,,,,,,2021-04-01T00:00:00.0000000Z,0.405684,0.529969,566020783.4249974,2021-03-01T00:00:00.0000000Z,0.41662,0.56954,646929300.9738281,,,,,,,,,2020-09-01T00:00:00.0000000Z,78.51,63.94,127710.64713673,,,,,2021-02-01T00:00:00.0000000Z,1.0008,1.0016,2414360517.1349607,2021-02-01T00:00:00.0000000Z,102.389,197.113,619023.17912253
47,2019-12-01T00:00:00.0000000Z,7558.9,7168.3,144502.54028391,2020-09-01T00:00:00.0000000Z,434.0,359.69,2639400.98972911,2020-01-01T00:00:00.0000000Z,41.15,67.76,967747.50644194,,,,,,,,,2021-05-01T00:00:00.0000000Z,0.52997,0.4022,733135237.6842043,2021-04-01T00:00:00.0000000Z,0.57029,1.60042,1613483171.26456,,,,,,,,,2020-10-01T00:00:00.0000000Z,64.3,58.12,132922.65798941,,,,,2021-03-01T00:00:00.0000000Z,1.0016,1.0004,3183256571.7329607,2021-03-01T00:00:00.0000000Z,197.2,222.759,178540.7674864
48,2020-01-01T00:00:00.0000000Z,7168.3,9339.3,182284.05272486,2020-10-01T00:00:00.0000000Z,359.7,386.81,1371747.91258072,2020-02-01T00:00:00.0000000Z,67.93,58.13,948151.78795179,,,,,,,,,2021-06-01T00:00:00.0000000Z,0.4022,0.284498,244792078.32073924,2021-05-01T00:00:00.0000000Z,1.60146,1.04118,1182085470.9854712,,,,,,,,,2020-11-01T00:00:00.0000000Z,58.0,78.96,322220.49003952,,,,,2021-04-01T00:00:00.0000000Z,1.0003,1.0011,4258523555.0956306,2021-04-01T00:00:00.0000000Z,222.419,320.197,337090.07437662
49,2020-02-01T00:00:00.0000000Z,9337.1,8529.1,129239.47465701,2020-11-01T00:00:00.0000000Z,386.62,616.65,2777676.584464,2020-03-01T00:00:00.0000000Z,58.02,39.25,1252705.23074269,,,,,,,,,2021-07-01T00:00:00.0000000Z,0.284141,0.284442,177855689.38149217,2021-06-01T00:00:00.0000000Z,1.04108,0.70304,342872879.1847553,,,,,,,,,2020-12-01T00:00:00.0000000Z,78.96,63.89,205582.58806053,,,,,2021-05-01T00:00:00.0000000Z,1.0011,1.0003,6342790895.17304,2021-05-01T00:00:00.0000000Z,319.804,197.793,578456.62707808
50,2020-03-01T00:00:00.0000000Z,8526.1,6422.1,374848.42019906,2020-12-01T00:00:00.0000000Z,616.84,737.45,2574697.61691307,2020-04-01T00:00:00.0000000Z,39.17,46.37,1218909.61399348,,,,,,,,,2021-08-01T00:00:00.0000000Z,0.284996,0.349348,81430821.34899043,2021-07-01T00:00:00.0000000Z,0.70433,0.74644,253600223.8637155,,,,,,,,,2021-01-01T00:00:00.0000000Z,64.18,85.61,492595.68070859,,,,,2021-06-01T00:00:00.0000000Z,1.0003,1.0002,4274438324.4102674,2021-06-01T00:00:00.0000000Z,197.581,145.4,236027.74440442
51,2020-04-01T00:00:00.0000000Z,6422.2,8629.6,493231.23332988,2021-01-01T00:00:00.0000000Z,737.35,1313.7,5912134.83676215,2020-05-01T00:00:00.0000000Z,46.38,45.59,547814.62921199,,,,,,,,,,,,,2021-08-01T00:00:00.0000000Z,0.74644,1.04024,108014634.48799351,,,,,,,,,2021-02-01T00:00:00.0000000Z,85.35,111.34,531349.77637811,,,,,2021-07-01T00:00:00.0000000Z,1.0002,1.0007,3144923546.7153263,2021-07-01T00:00:00.0000000Z,145.409,163.74,175318.30702133
52,2020-05-01T00:00:00.0000000Z,8628.3,9447.4,273682.8021536,2021-02-01T00:00:00.0000000Z,1313.02,1422.7,3518318.778,2020-06-01T00:00:00.0000000Z,45.59,41.25,441106.38340243,,,,,,,,,,,,,,,,,,,,,,,,,2021-03-01T00:00:00.0000000Z,111.41,158.36,329561.38023118,,,,,2021-08-01T00:00:00.0000000Z,1.0008,1.0004,1625714100.1668048,2021-08-01T00:00:00.0000000Z,164.242,189.378,33992.54283491
53,2020-06-01T00:00:00.0000000Z,9447.9,9133.9,159149.88592331,2021-03-01T00:00:00.0000000Z,1422.47,1918.89,2015957.32930953,2020-07-01T00:00:00.0000000Z,41.18,58.29,766313.48477421,,,,,,,,,,,,,,,,,,,,,,,,,2021-04-01T00:00:00.0000000Z,158.42,245.63,413598.05963746,,,,,,,,,,,,
54,2020-07-01T00:00:00.0000000Z,9135.0,11356.2,119522.55839924,2021-04-01T00:00:00.0000000Z,1919.47,2776.47,2635571.54155829,2020-08-01T00:00:00.0000000Z,58.26,60.97,1545919.32523077,,,,,,,,,,,,,,,,,,,,,,,,,2021-05-01T00:00:00.0000000Z,245.77,162.41,641654.60532772,,,,,,,,,,,,
55,2020-08-01T00:00:00.0000000Z,11356.1,11656.9,132919.97798464,2021-05-01T00:00:00.0000000Z,2776.47,2705.69,4935638.90103172,2020-09-01T00:00:00.0000000Z,61.05,46.24,863689.90321484,,,,,,,,,,,,,,,,,,,,,,,,,2021-06-01T00:00:00.0000000Z,161.52,131.01,262564.74495742,,,,,,,,,,,,
56,2020-09-01T00:00:00.0000000Z,11657.2,10774.9,117605.76079076,2021-06-01T00:00:00.0000000Z,2705.26,2276.66,2414396.34359218,2020-10-01T00:00:00.0000000Z,46.31,55.82,912902.88168072,,,,,,,,,,,,,,,,,,,,,,,,,2021-07-01T00:00:00.0000000Z,130.58,111.18,218518.72381127,,,,,,,,,,,,
57,2020-10-01T00:00:00.0000000Z,10774.9,13809.1,126881.72739851,2021-07-01T00:00:00.0000000Z,2276.89,2530.53,1516208.96948739,2020-11-01T00:00:00.0000000Z,55.76,87.67,2395191.04593447,,,,,,,,,,,,,,,,,,,,,,,,,2021-08-01T00:00:00.0000000Z,111.34,142.32,90081.04724687,,,,,,,,,,,,
58,2020-11-01T00:00:00.0000000Z,13799.0,19708.1,218391.88946892,2021-08-01T00:00:00.0000000Z,2532.73,3230.6,754840.72361423,2020-12-01T00:00:00.0000000Z,87.83,124.55,3369865.51037541,,,,,,,,,,,,,,,,,,,,,,,,,,,,,,,,,,,,,,,,
59,2020-12-01T00:00:00.0000000Z,19706.5,28959.2,220494.00102474,,,,,2021-01-01T00:00:00.0000000Z,124.45,129.68,3702311.96078426,,,,,,,,,,,,,,,,,,,,,,,,,,,,,,,,,,,,,,,,
60,2021-01-01T00:00:00.0000000Z,28959.4,33122.0,359063.13761079,,,,,2021-02-01T00:00:00.0000000Z,129.45,165.39,4147055.37153293,,,,,,,,,,,,,,,,,,,,,,,,,,,,,,,,,,,,,,,,
61,2021-02-01T00:00:00.0000000Z,33121.8,45245.4,202353.18846938,,,,,2021-03-01T00:00:00.0000000Z,165.48,196.81,2111955.46577551,,,,,,,,,,,,,,,,,,,,,,,,,,,,,,,,,,,,,,,,
62,2021-03-01T00:00:00.0000000Z,45234.7,58786.2,171975.14146359,,,,,2021-04-01T00:00:00.0000000Z,196.96,271.55,3007818.35563956,,,,,,,,,,,,,,,,,,,,,,,,,,,,,,,,,,,,,,,,
63,2021-04-01T00:00:00.0000000Z,58780.4,57780.0,137564.84804931,,,,,2021-05-01T00:00:00.0000000Z,271.52,188.09,4110227.18139232,,,,,,,,,,,,,,,,,,,,,,,,,,,,,,,,,,,,,,,,
64,2021-05-01T00:00:00.0000000Z,57780.3,37303.8,255223.06074795,,,,,2021-06-01T00:00:00.0000000Z,188.06,144.17,1680385.11946225,,,,,,,,,,,,,,,,,,,,,,,,,,,,,,,,,,,,,,,,
65,2021-06-01T00:00:00.0000000Z,37273.1,35046.2,195562.58282788,,,,,2021-07-01T00:00:00.0000000Z,144.24,144.43,987902.66445286,,,,,,,,,,,,,,,,,,,,,,,,,,,,,,,,,,,,,,,,
66,2021-07-01T00:00:00.0000000Z,35070.4,41488.5,109727.38352485,,,,,2021-08-01T00:00:00.0000000Z,144.46,178.65,411651.02070914,,,,,,,,,,,,,,,,,,,,,,,,,,,,,,,,,,,,,,,,
67,2021-08-01T00:00:00.0000000Z,41500.2,46134.9,43938.58283404,,,,,,,,,,,,,,,,,,,,,,,,,,,,,,,,,,,,,,,,,,,,,,,,
