Month,btc_start_date,price_close,volume_traded,eth_start_date,price_close,volume_traded,ltc_start_date,price_close,volume_traded,ADA_start_date,price_close,volume_traded,DOGE_start_date,price_close,volume_traded,XLM_start_date,price_close,volume_traded,XRP_start_date,price_close,volume_traded,LISK_start_date,price_close,volume_traded,WAVES_start_date,price_close,volume_traded,ZEC_start_date,price_close,volume_traded,SC_start_date,price_close,volume_traded,USDT_start_date,price_close,volume_traded,DASH_start_date,price_close,volume_traded,LINK_start_date,price_close,volume_traded
Jan,2019-12-30T00:00:00.0000000Z,7334.8,14086.05102,2019-12-30T00:00:00.0000000Z,134,91093.65147,2019-12-30T00:00:00.0000000Z,42.03,36812.61831,2019-12-30T00:00:00.0000000Z,0.033847,11043803.42,2019-12-30T00:00:00.0000000Z,0.0024494,20339987.49,2019-12-30T00:00:00.0000000Z,0.04531,3603346.02,2019-12-30T00:00:00.0000000Z,0.19286,30080000.35,2019-12-30T00:00:00.0000000Z,0.547356,2930.485911,2019-12-30T00:00:00.0000000Z,0.9489,225595.0118,2019-12-30T00:00:00.0000000Z,0.19286,30080000.35,2019-12-30T00:00:00.0000000Z,0.00131,3867895.699,2019-12-30T00:00:00.0000000Z,0.9984,3408294.527,2019-12-30T00:00:00.0000000Z,43.726,10274.86753,2019-12-30T00:00:00.0000000Z,1.80037,89222.45058
Jan,2020-01-04T00:00:00.0000000Z,8043.3,34549.45412,2020-01-04T00:00:00.0000000Z,140.7,257602.0028,2020-01-04T00:00:00.0000000Z,45.31,125802.2537,2020-01-04T00:00:00.0000000Z,0.036445,24777822.69,2020-01-04T00:00:00.0000000Z,0.002072,34689490.66,2020-01-04T00:00:00.0000000Z,0.04758,10577365.84,2020-01-04T00:00:00.0000000Z,0.20743,78296676.08,2020-01-04T00:00:00.0000000Z,0.541059,12476.56028,2020-01-04T00:00:00.0000000Z,0.8445,294329.8837,2020-01-04T00:00:00.0000000Z,0.20743,78296676.08,2020-01-04T00:00:00.0000000Z,0.00142,9761993.958,2020-01-04T00:00:00.0000000Z,0.9993,6634504.824,2020-01-04T00:00:00.0000000Z,52.221,28398.39113,2020-01-04T00:00:00.0000000Z,2.17058,387421.4484
Jan,2020-01-09T00:00:00.0000000Z,8104,24166.90706,2020-01-09T00:00:00.0000000Z,143.58,177107.383,2020-01-09T00:00:00.0000000Z,49.55,152955.8568,2020-01-09T00:00:00.0000000Z,0.036843,9498248.539,2020-01-09T00:00:00.0000000Z,0.0021806,11011274.09,2020-01-09T00:00:00.0000000Z,0.048048,6363655.494,2020-01-09T00:00:00.0000000Z,0.2114,49227869.83,2020-01-09T00:00:00.0000000Z,0.622232,52502.43947,2020-01-09T00:00:00.0000000Z,0.8616,230438.9055,2020-01-09T00:00:00.0000000Z,0.2114,49227869.83,2020-01-09T00:00:00.0000000Z,0.00141,15608745.87,2020-01-09T00:00:00.0000000Z,0.9998,6229508.931,2020-01-09T00:00:00.0000000Z,69.397,27994.23343,2020-01-09T00:00:00.0000000Z,2.19686,252644.5094
Jan,2020-01-14T00:00:00.0000000Z,8907.7,40595.21084,2020-01-14T00:00:00.0000000Z,174.03,459601.1591,2020-01-14T00:00:00.0000000Z,59.36,291257.7756,2020-01-14T00:00:00.0000000Z,0.044933,50567038.51,2020-01-14T00:00:00.0000000Z,0.0025023,20183114.24,2020-01-14T00:00:00.0000000Z,0.06182,36958964.2,2020-01-14T00:00:00.0000000Z,0.24311,123027698.5,2020-01-14T00:00:00.0000000Z,0.72985,56937.85937,2020-01-14T00:00:00.0000000Z,0.8772,360066.44,2020-01-14T00:00:00.0000000Z,0.24311,123027698.5,2020-01-14T00:00:00.0000000Z,0.00161,31882961.52,2020-01-14T00:00:00.0000000Z,0.9994,16082459.58,2020-01-14T00:00:00.0000000Z,101.161,115959.1914,2020-01-14T00:00:00.0000000Z,2.76378,591747.3705
Jan,2020-01-19T00:00:00.0000000Z,8390.1,24900.95209,2020-01-19T00:00:00.0000000Z,162.5,266435.9201,2020-01-19T00:00:00.0000000Z,54.41,109148.9589,2020-01-19T00:00:00.0000000Z,0.04333,18639306.98,2020-01-19T00:00:00.0000000Z,0.0022305,29950227.91,2020-01-19T00:00:00.0000000Z,0.058002,21480352.85,2020-01-19T00:00:00.0000000Z,0.22533,76841979.55,2020-01-19T00:00:00.0000000Z,0.766251,12678.59293,2020-01-19T00:00:00.0000000Z,0.8736,125723.0332,2020-01-19T00:00:00.0000000Z,0.22533,76841979.55,2020-01-19T00:00:00.0000000Z,0.00143,22774915.71,2020-01-19T00:00:00.0000000Z,0.9971,7660172.837,2020-01-19T00:00:00.0000000Z,102.203,30999.53649,2020-01-19T00:00:00.0000000Z,2.45111,323390.3467
Jan,2020-01-24T00:00:00.0000000Z,9399.9,26072.01694,2020-01-24T00:00:00.0000000Z,176.41,285590.3763,2020-01-24T00:00:00.0000000Z,60.66,121270.5726,2020-01-24T00:00:00.0000000Z,0.05301,34638003.56,2020-01-24T00:00:00.0000000Z,0.0023783,18603556.32,2020-01-24T00:00:00.0000000Z,0.060769,17169452.78,2020-01-24T00:00:00.0000000Z,0.23955,48406259.29,2020-01-24T00:00:00.0000000Z,0.816572,36175.88238,2020-01-24T00:00:00.0000000Z,0.8838,162997.1574,2020-01-24T00:00:00.0000000Z,0.23955,48406259.29,2020-01-24T00:00:00.0000000Z,0.00158,23851686.95,2020-01-24T00:00:00.0000000Z,1.0004,11298030.77,2020-01-24T00:00:00.0000000Z,115.509,18248.53369,2020-01-24T00:00:00.0000000Z,2.63762,246911.7501
Jan,2020-01-29T00:00:00.0000000Z,9322.2,22673.71693,2020-01-29T00:00:00.0000000Z,188.25,305614.5373,2020-01-29T00:00:00.0000000Z,69.85,208166.7367,2020-01-29T00:00:00.0000000Z,0.055797,33481620.98,2020-01-29T00:00:00.0000000Z,0.0024576,18536974.11,2020-01-29T00:00:00.0000000Z,0.063433,18213836.79,2020-01-29T00:00:00.0000000Z,0.25036,66633606.73,2020-01-29T00:00:00.0000000Z,0.995996,159699.1325,2020-01-29T00:00:00.0000000Z,0.9633,169786.8926,2020-01-29T00:00:00.0000000Z,0.25036,66633606.73,2020-01-29T00:00:00.0000000Z,0.00192,41938211.92,2020-01-29T00:00:00.0000000Z,0.9987,8999768.96,2020-01-29T00:00:00.0000000Z,114.319,27690.28863,2020-01-29T00:00:00.0000000Z,2.82382,472720.956
Feb,2020-02-03T00:00:00.0000000Z,9799.6,24633.9804,2020-02-03T00:00:00.0000000Z,222.91,360539.8633,2020-02-03T00:00:00.0000000Z,74.17,135093.1215,2020-02-03T00:00:00.0000000Z,0.059857,26948325.62,2020-02-03T00:00:00.0000000Z,0.00278,38508982.42,2020-02-03T00:00:00.0000000Z,0.071782,37412483.38,2020-02-03T00:00:00.0000000Z,0.27897,115981826.8,2020-02-03T00:00:00.0000000Z,1.462014,177773.4086,2020-02-03T00:00:00.0000000Z,1.0968,189348.462,2020-02-03T00:00:00.0000000Z,0.27897,115981826.8,2020-02-03T00:00:00.0000000Z,0.00215,83403615.8,2020-02-03T00:00:00.0000000Z,0.9984,12698896.08,2020-02-03T00:00:00.0000000Z,118.426,17379.56445,2020-02-03T00:00:00.0000000Z,3.33383,472155.6497
Feb,2020-02-08T00:00:00.0000000Z,10354.6,28071.19343,2020-02-08T00:00:00.0000000Z,266.4,514542.9699,2020-02-08T00:00:00.0000000Z,81.22,140048.5605,2020-02-08T00:00:00.0000000Z,0.068361,40404127.49,2020-02-08T00:00:00.0000000Z,0.0030505,103632544.7,2020-02-08T00:00:00.0000000Z,0.080356,34103383.61,2020-02-08T00:00:00.0000000Z,0.30565,105279756.4,2020-02-08T00:00:00.0000000Z,1.993,535237.0689,2020-02-08T00:00:00.0000000Z,1.4372,580183.0189,2020-02-08T00:00:00.0000000Z,0.30565,105279756.4,2020-02-08T00:00:00.0000000Z,0.00247,36344638.73,2020-02-08T00:00:00.0000000Z,1.0021,17551705.41,2020-02-08T00:00:00.0000000Z,133.395,23024.6302,2020-02-08T00:00:00.0000000Z,4.00704,835028.0087
Feb,2020-02-13T00:00:00.0000000Z,9702.1,21484.77691,2020-02-13T00:00:00.0000000Z,268.22,560968.299,2020-02-13T00:00:00.0000000Z,73.24,212595.8233,2020-02-13T00:00:00.0000000Z,0.060309,57394567.76,2020-02-13T00:00:00.0000000Z,0.0026729,120831185,2020-02-13T00:00:00.0000000Z,0.072122,37165364.38,2020-02-13T00:00:00.0000000Z,0.28737,195776717.2,2020-02-13T00:00:00.0000000Z,1.782009,272767.8046,2020-02-13T00:00:00.0000000Z,1.3333,690572.6791,2020-02-13T00:00:00.0000000Z,0.28737,195776717.2,2020-02-13T00:00:00.0000000Z,0.00293,108743260,2020-02-13T00:00:00.0000000Z,1.0005,14636705.55,2020-02-13T00:00:00.0000000Z,114.851,21131.16883,2020-02-13T00:00:00.0000000Z,4.30117,1202571.701
Feb,2020-02-18T00:00:00.0000000Z,9671.5,18805.00438,2020-02-18T00:00:00.0000000Z,262.48,397553.6073,2020-02-18T00:00:00.0000000Z,75.04,130179.2523,2020-02-18T00:00:00.0000000Z,0.058516,32414492.43,2020-02-18T00:00:00.0000000Z,0.0026,20076146.52,2020-02-18T00:00:00.0000000Z,0.07034,26391942.18,2020-02-18T00:00:00.0000000Z,0.27563,82131033.26,2020-02-18T00:00:00.0000000Z,1.425039,201061.8767,2020-02-18T00:00:00.0000000Z,1.4034,167729.9234,2020-02-18T00:00:00.0000000Z,0.27563,82131033.26,2020-02-18T00:00:00.0000000Z,0.00301,86986862.83,2020-02-18T00:00:00.0000000Z,1.0017,10895597.68,2020-02-18T00:00:00.0000000Z,104.462,12648.90773,2020-02-18T00:00:00.0000000Z,4.08493,720432.8528
Feb,2020-02-23T00:00:00.0000000Z,8810.3,23771.11338,2020-02-23T00:00:00.0000000Z,227.5,488500.845,2020-02-23T00:00:00.0000000Z,61.61,203949.5569,2020-02-23T00:00:00.0000000Z,0.049404,50905427.62,2020-02-23T00:00:00.0000000Z,0.0022966,20491551.45,2020-02-23T00:00:00.0000000Z,0.059867,34293237.91,2020-02-23T00:00:00.0000000Z,0.23815,93354175.69,2020-02-23T00:00:00.0000000Z,1.273,312158.9556,2020-02-23T00:00:00.0000000Z,1.1892,148808.8486,2020-02-23T00:00:00.0000000Z,0.23815,93354175.69,2020-02-23T00:00:00.0000000Z,0.00244,73107001.99,2020-02-23T00:00:00.0000000Z,0.9994,12542325.85,2020-02-23T00:00:00.0000000Z,89.495,20297.84792,2020-02-23T00:00:00.0000000Z,3.9551,940938.111
Feb,2020-02-28T00:00:00.0000000Z,8752.8,18638.78882,2020-02-28T00:00:00.0000000Z,223.53,344720.8374,2020-02-28T00:00:00.0000000Z,60.98,102950.6165,2020-02-28T00:00:00.0000000Z,0.04868,24892972.32,2020-02-28T00:00:00.0000000Z,0.002492,21102054.8,2020-02-28T00:00:00.0000000Z,0.058313,19912377.34,2020-02-28T00:00:00.0000000Z,0.2339,56279896.57,2020-02-28T00:00:00.0000000Z,1.362853,119208.301,2020-02-28T00:00:00.0000000Z,1.1624,126069.2861,2020-02-28T00:00:00.0000000Z,0.2339,56279896.57,2020-02-28T00:00:00.0000000Z,0.00228,21580959.97,2020-02-28T00:00:00.0000000Z,1.0006,9609690.196,2020-02-28T00:00:00.0000000Z,88.923,8728.079888,2020-02-28T00:00:00.0000000Z,4.56379,1022687.137
March,2020-03-04T00:00:00.0000000Z,8037.1,21300.06613,2020-03-04T00:00:00.0000000Z,199.33,367953.4975,2020-03-04T00:00:00.0000000Z,50.98,103061.459,2020-03-04T00:00:00.0000000Z,0.042818,23077271.01,2020-03-04T00:00:00.0000000Z,0.0022244,21321570.16,2020-03-04T00:00:00.0000000Z,0.049507,28498272.48,2020-03-04T00:00:00.0000000Z,0.20396,58798256.26,2020-03-04T00:00:00.0000000Z,1.145842,92357.03704,2020-03-04T00:00:00.0000000Z,1.09,256851.2618,2020-03-04T00:00:00.0000000Z,0.20396,58798256.26,2020-03-04T00:00:00.0000000Z,0.00179,49284789.38,2020-03-04T00:00:00.0000000Z,1.0006,12470318.07,2020-03-04T00:00:00.0000000Z,73.968,17178.61897,2020-03-04T00:00:00.0000000Z,4.05,1470775.053
March,2020-03-09T00:00:00.0000000Z,5630.2,99250.65135,2020-03-09T00:00:00.0000000Z,135.45,1590895.342,2020-03-09T00:00:00.0000000Z,37.89,477297.4143,2020-03-09T00:00:00.0000000Z,0.028419,135913337.3,2020-03-09T00:00:00.0000000Z,0.0017395,105171159,2020-03-09T00:00:00.0000000Z,0.040027,68161660.81,2020-03-09T00:00:00.0000000Z,0.16031,326912687.7,2020-03-09T00:00:00.0000000Z,0.852235,224822.8846,2020-03-09T00:00:00.0000000Z,0.874,606991.3581,2020-03-09T00:00:00.0000000Z,0.16031,326912687.7,2020-03-09T00:00:00.0000000Z,0.0012,123432753.4,2020-03-09T00:00:00.0000000Z,1.0099,31455338.57,2020-03-09T00:00:00.0000000Z,51.459,39889.13482,2020-03-09T00:00:00.0000000Z,2.4459,2558154.146
March,2020-03-14T00:00:00.0000000Z,5415.2,85068.96045,2020-03-14T00:00:00.0000000Z,118.61,685918.3146,2020-03-14T00:00:00.0000000Z,34.71,230616.0994,2020-03-14T00:00:00.0000000Z,0.026146,67599182.71,2020-03-14T00:00:00.0000000Z,0.0016031,83999472.09,2020-03-14T00:00:00.0000000Z,0.037,25312645.63,2020-03-14T00:00:00.0000000Z,0.14803,137607787.4,2020-03-14T00:00:00.0000000Z,1.059258,153703.7934,2020-03-14T00:00:00.0000000Z,0.8576,235401.5266,2020-03-14T00:00:00.0000000Z,0.14803,137607787.4,2020-03-14T00:00:00.0000000Z,0.00109,96801345.9,2020-03-14T00:00:00.0000000Z,1.0034,28853494.81,2020-03-14T00:00:00.0000000Z,62.613,28339.46369,2020-03-14T00:00:00.0000000Z,1.95312,2033444.765
March,2020-03-19T00:00:00.0000000Z,6505.1,82508.26809,2020-03-19T00:00:00.0000000Z,136.58,801371.1479,2020-03-19T00:00:00.0000000Z,39.14,206110.1734,2020-03-19T00:00:00.0000000Z,0.029141,66585815.71,2020-03-19T00:00:00.0000000Z,0.0017962,38138618.59,2020-03-19T00:00:00.0000000Z,0.039547,28837544.83,2020-03-19T00:00:00.0000000Z,0.15905,118462868.6,2020-03-19T00:00:00.0000000Z,1.027986,137103.5001,2020-03-19T00:00:00.0000000Z,0.9264,244040.3293,2020-03-19T00:00:00.0000000Z,0.15905,118462868.6,2020-03-19T00:00:00.0000000Z,0.00135,69620260.5,2020-03-19T00:00:00.0000000Z,1.004,23929388.22,2020-03-19T00:00:00.0000000Z,71.265,44133.01274,2020-03-19T00:00:00.0000000Z,2.24235,2239621.064
March,2020-03-24T00:00:00.0000000Z,6251.8,52310.84886,2020-03-24T00:00:00.0000000Z,131.38,359988.6901,2020-03-24T00:00:00.0000000Z,39.01,135916.4283,2020-03-24T00:00:00.0000000Z,0.029928,41934982.32,2020-03-24T00:00:00.0000000Z,0.0017706,18443678.94,2020-03-24T00:00:00.0000000Z,0.04,18995463.58,2020-03-24T00:00:00.0000000Z,0.17569,148807673.5,2020-03-24T00:00:00.0000000Z,0.968963,49338.06466,2020-03-24T00:00:00.0000000Z,0.817,68782.07558,2020-03-24T00:00:00.0000000Z,0.17569,148807673.5,2020-03-24T00:00:00.0000000Z,0.00122,48717143.27,2020-03-24T00:00:00.0000000Z,1.0023,20121628.05,2020-03-24T00:00:00.0000000Z,65.533,21540.87228,2020-03-24T00:00:00.0000000Z,2.1434,1184189.848
March,2020-03-29T00:00:00.0000000Z,6803.8,53156.5393,2020-03-29T00:00:00.0000000Z,141.48,308795.8267,2020-03-29T00:00:00.0000000Z,39.96,101489.3017,2020-03-29T00:00:00.0000000Z,0.031946,36037505.38,2020-03-29T00:00:00.0000000Z,0.001865,27478848.48,2020-03-29T00:00:00.0000000Z,0.04111,14079615.06,2020-03-29T00:00:00.0000000Z,0.17854,87432448.24,2020-03-29T00:00:00.0000000Z,0.974836,65199.40826,2020-03-29T00:00:00.0000000Z,0.9627,342364.0275,2020-03-29T00:00:00.0000000Z,0.17854,87432448.24,2020-03-29T00:00:00.0000000Z,0.00129,37059135.15,2020-03-29T00:00:00.0000000Z,1.0005,22643229.51,2020-03-29T00:00:00.0000000Z,67.532,13504.57602,2020-03-29T00:00:00.0000000Z,2.29278,1222471.903
April,2020-04-03T00:00:00.0000000Z,7206.2,44226.38171,2020-04-03T00:00:00.0000000Z,164.6,388998.2372,2020-04-03T00:00:00.0000000Z,44.76,116878.2684,2020-04-03T00:00:00.0000000Z,0.035191,39826612.11,2020-04-03T00:00:00.0000000Z,0.0019762,10275316.21,2020-04-03T00:00:00.0000000Z,0.048299,20058024.61,2020-04-03T00:00:00.0000000Z,0.1929,71391954.9,2020-04-03T00:00:00.0000000Z,1.037297,67098.07386,2020-04-03T00:00:00.0000000Z,0.9907,327680.5031,2020-04-03T00:00:00.0000000Z,0.1929,71391954.9,2020-04-03T00:00:00.0000000Z,0.00142,36523137.75,2020-04-03T00:00:00.0000000Z,1.0001,21970369.83,2020-04-03T00:00:00.0000000Z,72.045,14628.32765,2020-04-03T00:00:00.0000000Z,2.73284,1379245.797
April,2020-04-08T00:00:00.0000000Z,6903.7,266103.7412,2020-04-08T00:00:00.0000000Z,158.72,2052695.451,2020-04-08T00:00:00.0000000Z,42.02,668967.8972,2020-04-08T00:00:00.0000000Z,0.0335,24705683.06,2020-04-08T00:00:00.0000000Z,0.0019894,14055824.97,2020-04-08T00:00:00.0000000Z,0.048954,20975861.95,2020-04-08T00:00:00.0000000Z,0.18968,75102824.48,2020-04-08T00:00:00.0000000Z,0.984914,1874555.83,2020-04-08T00:00:00.0000000Z,1.0082,250271.8329,2020-04-08T00:00:00.0000000Z,0.18968,75102824.48,2020-04-08T00:00:00.0000000Z,0.00133,21103966.89,2020-04-08T00:00:00.0000000Z,1.0013,108117050.2,2020-04-08T00:00:00.0000000Z,74.335,15829.30915,2020-04-08T00:00:00.0000000Z,3.42001,2887559.312
April,2020-04-13T00:00:00.0000000Z,7034.1,42653.54983,2020-04-13T00:00:00.0000000Z,170.92,443350.1937,2020-04-13T00:00:00.0000000Z,42.32,103372.7256,2020-04-13T00:00:00.0000000Z,0.0345,19400402.39,2020-04-13T00:00:00.0000000Z,0.0019868,6954579.348,2020-04-13T00:00:00.0000000Z,0.048819,10548954.3,2020-04-13T00:00:00.0000000Z,0.1888,67962730.59,2020-04-13T00:00:00.0000000Z,1.050119,71318.06478,2020-04-13T00:00:00.0000000Z,0.997,71308.2544,2020-04-13T00:00:00.0000000Z,0.1888,67962730.59,2020-04-13T00:00:00.0000000Z,0.00133,50626538.25,2020-04-13T00:00:00.0000000Z,1.0013,27363739.98,2020-04-13T00:00:00.0000000Z,76.2,13244.88287,2020-04-13T00:00:00.0000000Z,3.455,1586959.719
April,2020-04-18T00:00:00.0000000Z,7136.9,26356.08855,2020-04-18T00:00:00.0000000Z,183.16,514753.8432,2020-04-18T00:00:00.0000000Z,41.83,82151.75552,2020-04-18T00:00:00.0000000Z,0.036665,21887263.97,2020-04-18T00:00:00.0000000Z,0.0020049,25091526.11,2020-04-18T00:00:00.0000000Z,0.054765,15325963.05,2020-04-18T00:00:00.0000000Z,0.18815,54905924.95,2020-04-18T00:00:00.0000000Z,1.02,131106.5667,2020-04-18T00:00:00.0000000Z,0.9966,123549.4421,2020-04-18T00:00:00.0000000Z,0.18815,54905924.95,2020-04-18T00:00:00.0000000Z,0.00136,17249703.95,2020-04-18T00:00:00.0000000Z,1.0014,26087742.84,2020-04-18T00:00:00.0000000Z,80.777,16237.39096,2020-04-18T00:00:00.0000000Z,3.68806,1287703.827
April,2020-04-23T00:00:00.0000000Z,7792.4,35403.57832,2020-04-23T00:00:00.0000000Z,196.84,495507.9739,2020-04-23T00:00:00.0000000Z,44.56,83561.18098,2020-04-23T00:00:00.0000000Z,0.046617,47436009.55,2020-04-23T00:00:00.0000000Z,0.0023478,57438660.37,2020-04-23T00:00:00.0000000Z,0.067307,37100854.85,2020-04-23T00:00:00.0000000Z,0.19792,53680351.52,2020-04-23T00:00:00.0000000Z,1.178366,138720.6441,2020-04-23T00:00:00.0000000Z,1.0579,125876.9442,2020-04-23T00:00:00.0000000Z,0.19792,53680351.52,2020-04-23T00:00:00.0000000Z,0.0017,94367190.79,2020-04-23T00:00:00.0000000Z,1.0015,25254944.4,2020-04-23T00:00:00.0000000Z,82.8,9601.187637,2020-04-23T00:00:00.0000000Z,3.63417,1035141.942
April,2020-04-28T00:00:00.0000000Z,8983.1,63075.29429,2020-04-28T00:00:00.0000000Z,214.11,478487.5706,2020-04-28T00:00:00.0000000Z,49.21,150267.5746,2020-04-28T00:00:00.0000000Z,0.05097,67857306.05,2020-04-28T00:00:00.0000000Z,0.0025415,115309282.2,2020-04-28T00:00:00.0000000Z,0.075529,44288819.63,2020-04-28T00:00:00.0000000Z,0.224,124688499.9,2020-04-28T00:00:00.0000000Z,1.272133,241854.8957,2020-04-28T00:00:00.0000000Z,1.0929,281582.2571,2020-04-28T00:00:00.0000000Z,0.224,124688499.9,2020-04-28T00:00:00.0000000Z,0.0022,128128850.5,2020-04-28T00:00:00.0000000Z,1.0012,37843551.34,2020-04-28T00:00:00.0000000Z,83.324,14397.08505,2020-04-28T00:00:00.0000000Z,3.814,1089697.743
May,2020-05-03T00:00:00.0000000Z,10001,53727.91391,2020-05-03T00:00:00.0000000Z,212.34,427891.7274,2020-05-03T00:00:00.0000000Z,47.42,100441.4176,2020-05-03T00:00:00.0000000Z,0.051281,50742342.42,2020-05-03T00:00:00.0000000Z,0.0026201,49295928.76,2020-05-03T00:00:00.0000000Z,0.07222,40708640.49,2020-05-03T00:00:00.0000000Z,0.2188,53938507.85,2020-05-03T00:00:00.0000000Z,1.218851,80945.99035,2020-05-03T00:00:00.0000000Z,1.0496,109644.715,2020-05-03T00:00:00.0000000Z,0.2188,53938507.85,2020-05-03T00:00:00.0000000Z,0.0023,96652930.46,2020-05-03T00:00:00.0000000Z,1.0016,32308106.36,2020-05-03T00:00:00.0000000Z,78.904,8802.123737,2020-05-03T00:00:00.0000000Z,3.75721,993456.3556
May,2020-05-08T00:00:00.0000000Z,8823.7,64763.06499,2020-05-08T00:00:00.0000000Z,189.72,373707.3035,2020-05-08T00:00:00.0000000Z,42.14,137310.341,2020-05-08T00:00:00.0000000Z,0.050492,74965444.12,2020-05-08T00:00:00.0000000Z,0.00246,47830102.26,2020-05-08T00:00:00.0000000Z,0.0701,43256719.6,2020-05-08T00:00:00.0000000Z,0.19709,76889495.64,2020-05-08T00:00:00.0000000Z,1.088091,156514.5825,2020-05-08T00:00:00.0000000Z,1.08,251866.9086,2020-05-08T00:00:00.0000000Z,0.19709,76889495.64,2020-05-08T00:00:00.0000000Z,0.00194,57463344.32,2020-05-08T00:00:00.0000000Z,1.0007,48355778.76,2020-05-08T00:00:00.0000000Z,73.133,11424.23519,2020-05-08T00:00:00.0000000Z,3.70502,1623359.997
May,2020-05-13T00:00:00.0000000Z,9673,45503.21609,2020-05-13T00:00:00.0000000Z,206.94,253426.3662,2020-05-13T00:00:00.0000000Z,43.64,75422.50133,2020-05-13T00:00:00.0000000Z,0.051267,36050690.62,2020-05-13T00:00:00.0000000Z,0.00254,11228332.98,2020-05-13T00:00:00.0000000Z,0.068938,20839969.32,2020-05-13T00:00:00.0000000Z,0.20109,37932306.46,2020-05-13T00:00:00.0000000Z,1.127824,67952.11177,2020-05-13T00:00:00.0000000Z,1.0564,282443.8331,2020-05-13T00:00:00.0000000Z,0.20109,37932306.46,2020-05-13T00:00:00.0000000Z,0.00208,51729770.02,2020-05-13T00:00:00.0000000Z,0.9999,31613415.43,2020-05-13T00:00:00.0000000Z,75,6578.930153,2020-05-13T00:00:00.0000000Z,3.78247,804175.1881
May,2020-05-18T00:00:00.0000000Z,9169,44267.43284,2020-05-18T00:00:00.0000000Z,207.23,285370.822,2020-05-18T00:00:00.0000000Z,44.14,87352.03028,2020-05-18T00:00:00.0000000Z,0.055704,52779958.12,2020-05-18T00:00:00.0000000Z,0.0025294,12654238.82,2020-05-18T00:00:00.0000000Z,0.068001,17502557.76,2020-05-18T00:00:00.0000000Z,0.20005,49493738.46,2020-05-18T00:00:00.0000000Z,1.189718,112187.3872,2020-05-18T00:00:00.0000000Z,1.0841,204087.8465,2020-05-18T00:00:00.0000000Z,0.20005,49493738.46,2020-05-18T00:00:00.0000000Z,0.00212,92782345.49,2020-05-18T00:00:00.0000000Z,1,29033532.43,2020-05-18T00:00:00.0000000Z,74.337,9079.568799,2020-05-18T00:00:00.0000000Z,4.05599,954059.9718
May,2020-05-23T00:00:00.0000000Z,9213.9,28244.21416,2020-05-23T00:00:00.0000000Z,208.28,169092.9179,2020-05-23T00:00:00.0000000Z,43.75,48506.31019,2020-05-23T00:00:00.0000000Z,0.055055,35820521.5,2020-05-23T00:00:00.0000000Z,0.0025212,49113058.04,2020-05-23T00:00:00.0000000Z,0.06603,15222271.4,2020-05-23T00:00:00.0000000Z,0.19764,36402048.25,2020-05-23T00:00:00.0000000Z,1.225631,66797.77905,2020-05-23T00:00:00.0000000Z,1.0655,201843.1301,2020-05-23T00:00:00.0000000Z,0.19764,36402048.25,2020-05-23T00:00:00.0000000Z,0.00239,117235377.9,2020-05-23T00:00:00.0000000Z,1,26777677.04,2020-05-23T00:00:00.0000000Z,73.596,7365.622028,2020-05-23T00:00:00.0000000Z,3.86301,570286.3771
May,2020-05-28T00:00:00.0000000Z,10206.2,32814.91277,2020-05-28T00:00:00.0000000Z,248.45,388910.2895,2020-05-28T00:00:00.0000000Z,48.25,76702.81764,2020-05-28T00:00:00.0000000Z,0.081078,222757550.4,2020-05-28T00:00:00.0000000Z,0.0026741,47823637.32,2020-05-28T00:00:00.0000000Z,0.075602,39122533.36,2020-05-28T00:00:00.0000000Z,0.21105,38396578.07,2020-05-28T00:00:00.0000000Z,1.246337,62247.51811,2020-05-28T00:00:00.0000000Z,1.1453,203215.1923,2020-05-28T00:00:00.0000000Z,0.21105,38396578.07,2020-05-28T00:00:00.0000000Z,0.00253,55694040.73,2020-05-28T00:00:00.0000000Z,1.0012,42458099.58,2020-05-28T00:00:00.0000000Z,80.197,13029.77018,2020-05-28T00:00:00.0000000Z,4.3828,1168625.884
June,2020-06-02T00:00:00.0000000Z,9672,34053.00722,2020-06-02T00:00:00.0000000Z,242.01,288739.8651,2020-06-02T00:00:00.0000000Z,46.75,103724.7362,2020-06-02T00:00:00.0000000Z,0.086166,139067988.6,2020-06-02T00:00:00.0000000Z,0.0025731,64889302.63,2020-06-02T00:00:00.0000000Z,0.079682,42500331.59,2020-06-02T00:00:00.0000000Z,0.20384,47434361.2,2020-06-02T00:00:00.0000000Z,1.347589,158239.711,2020-06-02T00:00:00.0000000Z,1.1455,193780.7102,2020-06-02T00:00:00.0000000Z,0.20384,47434361.2,2020-06-02T00:00:00.0000000Z,0.0027,126148356,2020-06-02T00:00:00.0000000Z,0.9998,38578122.2,2020-06-02T00:00:00.0000000Z,78.352,11418.91868,2020-06-02T00:00:00.0000000Z,4.35624,980814.0873
June,2020-06-07T00:00:00.0000000Z,9265.8,32509.99824,2020-06-07T00:00:00.0000000Z,230.11,285471.9303,2020-06-07T00:00:00.0000000Z,43.24,72445.86021,2020-06-07T00:00:00.0000000Z,0.075099,102447729.4,2020-06-07T00:00:00.0000000Z,0.0024298,21900038.79,2020-06-07T00:00:00.0000000Z,0.071164,30687664.11,2020-06-07T00:00:00.0000000Z,0.18875,46887713.77,2020-06-07T00:00:00.0000000Z,1.178245,69126.7666,2020-06-07T00:00:00.0000000Z,1.1396,283934.4718,2020-06-07T00:00:00.0000000Z,0.18875,46887713.77,2020-06-07T00:00:00.0000000Z,0.00275,113363380.8,2020-06-07T00:00:00.0000000Z,0.9986,29321519.51,2020-06-07T00:00:00.0000000Z,71.947,8642.057373,2020-06-07T00:00:00.0000000Z,3.96839,1002403.687
June,2020-06-12T00:00:00.0000000Z,9528.5,24800.36178,2020-06-12T00:00:00.0000000Z,235.33,205770.4343,2020-06-12T00:00:00.0000000Z,43.84,64743.72473,2020-06-12T00:00:00.0000000Z,0.079065,71150115,2020-06-12T00:00:00.0000000Z,0.0024781,34797864.21,2020-06-12T00:00:00.0000000Z,0.071206,20475272.57,2020-06-12T00:00:00.0000000Z,0.19241,40841054.6,2020-06-12T00:00:00.0000000Z,1.224623,32256.69426,2020-06-12T00:00:00.0000000Z,1.2469,265017.1303,2020-06-12T00:00:00.0000000Z,0.19241,40841054.6,2020-06-12T00:00:00.0000000Z,0.00395,286877343.6,2020-06-12T00:00:00.0000000Z,0.9999,21548911.08,2020-06-12T00:00:00.0000000Z,72.552,4813.866968,2020-06-12T00:00:00.0000000Z,4.04499,1087573.402
June,2020-06-17T00:00:00.0000000Z,9284.7,17759.39139,2020-06-17T00:00:00.0000000Z,227.85,127037.6993,2020-06-17T00:00:00.0000000Z,42.97,64226.71901,2020-06-17T00:00:00.0000000Z,0.078343,66977442.11,2020-06-17T00:00:00.0000000Z,0.002435,37526505.12,2020-06-17T00:00:00.0000000Z,0.068402,18814773.24,2020-06-17T00:00:00.0000000Z,0.18571,36768812.04,2020-06-17T00:00:00.0000000Z,1.22965,75375.58405,2020-06-17T00:00:00.0000000Z,1.2013,297670.329,2020-06-17T00:00:00.0000000Z,0.18571,36768812.04,2020-06-17T00:00:00.0000000Z,0.00352,135953349.6,2020-06-17T00:00:00.0000000Z,0.999,22583826.18,2020-06-17T00:00:00.0000000Z,69.856,3577.050145,2020-06-17T00:00:00.0000000Z,4.17233,1000940.524
June,2020-06-22T00:00:00.0000000Z,9150.3,26447.26439,2020-06-22T00:00:00.0000000Z,229.36,290963.9288,2020-06-22T00:00:00.0000000Z,43.06,58632.04875,2020-06-22T00:00:00.0000000Z,0.08047,60792603.62,2020-06-22T00:00:00.0000000Z,0.0023487,20339897.49,2020-06-22T00:00:00.0000000Z,0.066591,20347933.6,2020-06-22T00:00:00.0000000Z,0.18245,48387172.9,2020-06-22T00:00:00.0000000Z,1.131267,70218.01358,2020-06-22T00:00:00.0000000Z,1.1585,195281.5394,2020-06-22T00:00:00.0000000Z,0.18245,48387172.9,2020-06-22T00:00:00.0000000Z,0.0029,149002391.6,2020-06-22T00:00:00.0000000Z,0.9992,28508796.53,2020-06-22T00:00:00.0000000Z,70.481,6760.159381,2020-06-22T00:00:00.0000000Z,4.67721,2496074.409
June,2020-06-27T00:00:00.0000000Z,9234.5,17180.98058,2020-06-27T00:00:00.0000000Z,231.11,216009.3658,2020-06-27T00:00:00.0000000Z,41.77,66532.49901,2020-06-27T00:00:00.0000000Z,0.097,95173622.05,2020-06-27T00:00:00.0000000Z,0.0023901,10416419.82,2020-06-27T00:00:00.0000000Z,0.068409,14440099,2020-06-27T00:00:00.0000000Z,0.17656,45665425.9,2020-06-27T00:00:00.0000000Z,1.166135,19323.00948,2020-06-27T00:00:00.0000000Z,1.1574,123494.6219,2020-06-27T00:00:00.0000000Z,0.17656,45665425.9,2020-06-27T00:00:00.0000000Z,0.00302,124669452.5,2020-06-27T00:00:00.0000000Z,1.0005,26270668.98,2020-06-27T00:00:00.0000000Z,68.228,6395.984631,2020-06-27T00:00:00.0000000Z,4.70025,969933.953
July,2020-07-02T00:00:00.0000000Z,9348.2,14348.14349,2020-07-02T00:00:00.0000000Z,241.84,189201.5443,2020-07-02T00:00:00.0000000Z,44.12,47926.94588,2020-07-02T00:00:00.0000000Z,0.105176,161397686.2,2020-07-02T00:00:00.0000000Z,0.0026367,24361228.5,2020-07-02T00:00:00.0000000Z,0.071636,22234183.58,2020-07-02T00:00:00.0000000Z,0.18874,32419356.92,2020-07-02T00:00:00.0000000Z,1.144421,17367.61376,2020-07-02T00:00:00.0000000Z,1.1448,58870.53918,2020-07-02T00:00:00.0000000Z,0.18874,32419356.92,2020-07-02T00:00:00.0000000Z,0.00298,64865494.85,2020-07-02T00:00:00.0000000Z,1.0002,19629120.58,2020-07-02T00:00:00.0000000Z,70.3,9720.072536,2020-07-02T00:00:00.0000000Z,5.36638,1450595.977
July,2020-07-07T00:00:00.0000000Z,9234.6,15567.35391,2020-07-07T00:00:00.0000000Z,239.24,219174.491,2020-07-07T00:00:00.0000000Z,44.69,77852.96957,2020-07-07T00:00:00.0000000Z,0.12536,240783917.1,2020-07-07T00:00:00.0000000Z,0.0038064,2113568800,2020-07-07T00:00:00.0000000Z,0.094399,79869389.42,2020-07-07T00:00:00.0000000Z,0.20115,95206196.97,2020-07-07T00:00:00.0000000Z,1.23,103995.9401,2020-07-07T00:00:00.0000000Z,1.1986,150818.5752,2020-07-07T00:00:00.0000000Z,0.20115,95206196.97,2020-07-07T00:00:00.0000000Z,0.00351,271079107.6,2020-07-07T00:00:00.0000000Z,0.9997,27954589.8,2020-07-07T00:00:00.0000000Z,72.553,7821.548459,2020-07-07T00:00:00.0000000Z,6.11453,3457057.777
July,2020-07-12T00:00:00.0000000Z,9130.9,14920.72083,2020-07-12T00:00:00.0000000Z,233.73,194356.0131,2020-07-12T00:00:00.0000000Z,42.06,106009.541,2020-07-12T00:00:00.0000000Z,0.125903,170563126.7,2020-07-12T00:00:00.0000000Z,0.0029955,664924778.1,2020-07-12T00:00:00.0000000Z,0.102107,62636388.46,2020-07-12T00:00:00.0000000Z,0.19404,62342999.22,2020-07-12T00:00:00.0000000Z,1.188026,119642.8161,2020-07-12T00:00:00.0000000Z,1.3502,665560.5446,2020-07-12T00:00:00.0000000Z,0.19404,62342999.22,2020-07-12T00:00:00.0000000Z,0.00335,123222334.3,2020-07-12T00:00:00.0000000Z,0.9995,26928025.95,2020-07-12T00:00:00.0000000Z,69.489,15313.18851,2020-07-12T00:00:00.0000000Z,8.35495,7330911.278
July,2020-07-17T00:00:00.0000000Z,9393.8,10783.36271,2020-07-17T00:00:00.0000000Z,246.01,153795.7284,2020-07-17T00:00:00.0000000Z,43.8,56596.85961,2020-07-17T00:00:00.0000000Z,0.123316,64328569.25,2020-07-17T00:00:00.0000000Z,0.0033021,525692609.5,2020-07-17T00:00:00.0000000Z,0.09629,47285435.6,2020-07-17T00:00:00.0000000Z,0.1996,48488337.14,2020-07-17T00:00:00.0000000Z,1.26647,105785.1528,2020-07-17T00:00:00.0000000Z,1.6735,855529.9085,2020-07-17T00:00:00.0000000Z,0.1996,48488337.14,2020-07-17T00:00:00.0000000Z,0.00331,96971534.46,2020-07-17T00:00:00.0000000Z,1.0005,24325724.17,2020-07-17T00:00:00.0000000Z,70.854,5000.316966,2020-07-17T00:00:00.0000000Z,7.29939,3331806.305
July,2020-07-22T00:00:00.0000000Z,9939.6,18799.11677,2020-07-22T00:00:00.0000000Z,311.52,460736.361,2020-07-22T00:00:00.0000000Z,48.13,140626.5569,2020-07-22T00:00:00.0000000Z,0.148672,151121404.7,2020-07-22T00:00:00.0000000Z,0.0032339,179160786.2,2020-07-22T00:00:00.0000000Z,0.099194,34249657.5,2020-07-22T00:00:00.0000000Z,0.21547,77831102.72,2020-07-22T00:00:00.0000000Z,1.259424,49565.33545,2020-07-22T00:00:00.0000000Z,1.5268,422558.5661,2020-07-22T00:00:00.0000000Z,0.21547,77831102.72,2020-07-22T00:00:00.0000000Z,0.00315,71924604.31,2020-07-22T00:00:00.0000000Z,1.0008,34024898.97,2020-07-22T00:00:00.0000000Z,75.249,9675.975935,2020-07-22T00:00:00.0000000Z,7.51131,2396360.596
July,2020-07-27T00:00:00.0000000Z,11356.2,41604.83699,2020-07-27T00:00:00.0000000Z,347,498715.8925,2020-07-27T00:00:00.0000000Z,58.29,327772.7757,2020-07-27T00:00:00.0000000Z,0.140104,140992469.8,2020-07-27T00:00:00.0000000Z,0.0032214,180715511.7,2020-07-27T00:00:00.0000000Z,0.096714,26946494.79,2020-07-27T00:00:00.0000000Z,0.26013,125989964.7,2020-07-27T00:00:00.0000000Z,1.280154,80080.05588,2020-07-27T00:00:00.0000000Z,1.5239,350695.0896,2020-07-27T00:00:00.0000000Z,0.26013,125989964.7,2020-07-27T00:00:00.0000000Z,0.00305,216630849.5,2020-07-27T00:00:00.0000000Z,1.0015,50550283.84,2020-07-27T00:00:00.0000000Z,82.629,18512.79546,2020-07-27T00:00:00.0000000Z,7.81882,3245002.195
Aug,2020-08-01T00:00:00.0000000Z,11746,29513.32325,2020-08-01T00:00:00.0000000Z,401.25,598589.0372,2020-08-01T00:00:00.0000000Z,58.89,267290.0388,2020-08-01T00:00:00.0000000Z,0.142424,104686765.4,2020-08-01T00:00:00.0000000Z,0.0035084,303190662.3,2020-08-01T00:00:00.0000000Z,0.107815,42423249.94,2020-08-01T00:00:00.0000000Z,0.30276,283444830.1,2020-08-01T00:00:00.0000000Z,1.324037,107082.9972,2020-08-01T00:00:00.0000000Z,1.6407,1266386.385,2020-08-01T00:00:00.0000000Z,0.30276,283444830.1,2020-08-01T00:00:00.0000000Z,0.00317,101434608.3,2020-08-01T00:00:00.0000000Z,1.0012,45101435.94,2020-08-01T00:00:00.0000000Z,92.353,25394.10651,2020-08-01T00:00:00.0000000Z,9.53824,3468072.482
Aug,2020-08-06T00:00:00.0000000Z,11898.7,25789.16552,2020-08-06T00:00:00.0000000Z,395.9,274739.3691,2020-08-06T00:00:00.0000000Z,58.31,138488.8444,2020-08-06T00:00:00.0000000Z,0.143873,71469140.75,2020-08-06T00:00:00.0000000Z,0.0034973,147796837.2,2020-08-06T00:00:00.0000000Z,0.106335,26316603.34,2020-08-06T00:00:00.0000000Z,0.29474,111886393.9,2020-08-06T00:00:00.0000000Z,1.542594,217401.9757,2020-08-06T00:00:00.0000000Z,1.9713,937460.7901,2020-08-06T00:00:00.0000000Z,0.29474,111886393.9,2020-08-06T00:00:00.0000000Z,0.00353,145623395.5,2020-08-06T00:00:00.0000000Z,1.0008,46384654.96,2020-08-06T00:00:00.0000000Z,95.25,86342.92464,2020-08-06T00:00:00.0000000Z,13.4718,4900598.561
Aug,2020-08-11T00:00:00.0000000Z,11858.3,22396.60355,2020-08-11T00:00:00.0000000Z,432.39,466594.1281,2020-08-11T00:00:00.0000000Z,59.91,229273.0618,2020-08-11T00:00:00.0000000Z,0.138408,121736306.9,2020-08-11T00:00:00.0000000Z,0.0035413,186745453,2020-08-11T00:00:00.0000000Z,0.107237,44888442.84,2020-08-11T00:00:00.0000000Z,0.29891,150662314.5,2020-08-11T00:00:00.0000000Z,1.686607,251540.1351,2020-08-11T00:00:00.0000000Z,3.4125,2270295.152,2020-08-11T00:00:00.0000000Z,0.29891,150662314.5,2020-08-11T00:00:00.0000000Z,0.00356,134933182.9,2020-08-11T00:00:00.0000000Z,1.0004,57631233.28,2020-08-11T00:00:00.0000000Z,93.924,16825.71261,2020-08-11T00:00:00.0000000Z,19.19193,5810567.485
Aug,2020-08-16T00:00:00.0000000Z,11864.6,24226.51832,2020-08-16T00:00:00.0000000Z,416.2,363873.5811,2020-08-16T00:00:00.0000000Z,62.86,507951.2763,2020-08-16T00:00:00.0000000Z,0.134305,84395652.59,2020-08-16T00:00:00.0000000Z,0.0034416,182174242.9,2020-08-16T00:00:00.0000000Z,0.106912,67180218.46,2020-08-16T00:00:00.0000000Z,0.29246,132281452.6,2020-08-16T00:00:00.0000000Z,1.748137,266696.9023,2020-08-16T00:00:00.0000000Z,3.87,1673456.771,2020-08-16T00:00:00.0000000Z,0.29246,132281452.6,2020-08-16T00:00:00.0000000Z,0.00369,168900481.3,2020-08-16T00:00:00.0000000Z,1.0009,68365512.54,2020-08-16T00:00:00.0000000Z,91.286,16601.41071,2020-08-16T00:00:00.0000000Z,16.06377,4300856.008
Aug,2020-08-21T00:00:00.0000000Z,11330,15455.88945,2020-08-21T00:00:00.0000000Z,383.01,350653.3464,2020-08-21T00:00:00.0000000Z,58.33,213917.7533,2020-08-21T00:00:00.0000000Z,0.11252,76316770.92,2020-08-21T00:00:00.0000000Z,0.0033175,134852822.6,2020-08-21T00:00:00.0000000Z,0.097392,35138477.22,2020-08-21T00:00:00.0000000Z,0.27653,64404269.38,2020-08-21T00:00:00.0000000Z,1.712126,330123.9973,2020-08-21T00:00:00.0000000Z,3.2401,1262101.049,2020-08-21T00:00:00.0000000Z,0.27653,64404269.38,2020-08-21T00:00:00.0000000Z,0.00371,223639096.1,2020-08-21T00:00:00.0000000Z,1.0003,65394507,2020-08-21T00:00:00.0000000Z,84.825,9336.236672,2020-08-21T00:00:00.0000000Z,14.11734,3822095.914
Aug,2020-08-26T00:00:00.0000000Z,11713.1,13058.88395,2020-08-26T00:00:00.0000000Z,428.72,289219.2613,2020-08-26T00:00:00.0000000Z,62.91,161840.3377,2020-08-26T00:00:00.0000000Z,0.117619,64664613.56,2020-08-26T00:00:00.0000000Z,0.0032766,87859287.33,2020-08-26T00:00:00.0000000Z,0.098124,25140118.19,2020-08-26T00:00:00.0000000Z,0.283,73124975.69,2020-08-26T00:00:00.0000000Z,1.810648,334119.0475,2020-08-26T00:00:00.0000000Z,3.384,464058.646,2020-08-26T00:00:00.0000000Z,0.283,73124975.69,2020-08-26T00:00:00.0000000Z,0.00463,325545360.9,2020-08-26T00:00:00.0000000Z,1.0001,59731836.04,2020-08-26T00:00:00.0000000Z,88.287,6375.386929,2020-08-26T00:00:00.0000000Z,16.47938,2327866.802
Sept,2020-08-31T00:00:00.0000000Z,10463.6,30590.48782,2020-08-31T00:00:00.0000000Z,385.82,734744.1556,2020-08-31T00:00:00.0000000Z,50.38,291210.922,2020-08-31T00:00:00.0000000Z,0.101794,99787244.5,2020-08-31T00:00:00.0000000Z,0.0028853,131105696.3,2020-08-31T00:00:00.0000000Z,0.081313,49009074.96,2020-08-31T00:00:00.0000000Z,0.25406,120556876,2020-08-31T00:00:00.0000000Z,1.505578,249347.7919,2020-08-31T00:00:00.0000000Z,2.6486,769083.1368,2020-08-31T00:00:00.0000000Z,0.25406,120556876,2020-08-31T00:00:00.0000000Z,0.00378,252604658.5,2020-08-31T00:00:00.0000000Z,1.0008,103363941.1,2020-08-31T00:00:00.0000000Z,72.748,12962.17834,2020-08-31T00:00:00.0000000Z,12.38171,3265890.75
Sept,2020-09-05T00:00:00.0000000Z,10229.7,22014.56391,2020-09-05T00:00:00.0000000Z,351.29,654649.5035,2020-09-05T00:00:00.0000000Z,47.86,169006.8488,2020-09-05T00:00:00.0000000Z,0.093289,79378179.36,2020-09-05T00:00:00.0000000Z,0.0027748,225657168.2,2020-09-05T00:00:00.0000000Z,0.078148,20879211.16,2020-09-05T00:00:00.0000000Z,0.23918,66490819.74,2020-09-05T00:00:00.0000000Z,1.406996,293232.4766,2020-09-05T00:00:00.0000000Z,2.3902,364320.9768,2020-09-05T00:00:00.0000000Z,0.23918,66490819.74,2020-09-05T00:00:00.0000000Z,0.0033,86128662.36,2020-09-05T00:00:00.0000000Z,1.0001,68212899.36,2020-09-05T00:00:00.0000000Z,75.97,11515.36122,2020-09-05T00:00:00.0000000Z,12.34586,4535112.592
Sept,2020-09-10T00:00:00.0000000Z,10674.9,15065.18313,2020-09-10T00:00:00.0000000Z,377.14,371744.0708,2020-09-10T00:00:00.0000000Z,49.09,103690.0615,2020-09-10T00:00:00.0000000Z,0.096678,54496476.97,2020-09-10T00:00:00.0000000Z,0.0027859,119853318.8,2020-09-10T00:00:00.0000000Z,0.080079,16608824.44,2020-09-10T00:00:00.0000000Z,0.24565,36379992.93,2020-09-10T00:00:00.0000000Z,1.46745,54393.99019,2020-09-10T00:00:00.0000000Z,2.8783,518152.1378,2020-09-10T00:00:00.0000000Z,0.24565,36379992.93,2020-09-10T00:00:00.0000000Z,0.00347,44140543.69,2020-09-10T00:00:00.0000000Z,1.0003,64390103.94,2020-09-10T00:00:00.0000000Z,75.122,6381.783465,2020-09-10T00:00:00.0000000Z,12.13097,2232824.12
Sept,2020-09-15T00:00:00.0000000Z,11080.7,16056.49688,2020-09-15T00:00:00.0000000Z,385.11,294422.0939,2020-09-15T00:00:00.0000000Z,48.5,104188.6037,2020-09-15T00:00:00.0000000Z,0.0914,32791730.65,2020-09-15T00:00:00.0000000Z,0.0027881,89844318.05,2020-09-15T00:00:00.0000000Z,0.078483,19834366.08,2020-09-15T00:00:00.0000000Z,0.25115,52809270.57,2020-09-15T00:00:00.0000000Z,1.400211,54012.82138,2020-09-15T00:00:00.0000000Z,2.5342,551513.2551,2020-09-15T00:00:00.0000000Z,0.25115,52809270.57,2020-09-15T00:00:00.0000000Z,0.00303,35601259.94,2020-09-15T00:00:00.0000000Z,1,74598450.64,2020-09-15T00:00:00.0000000Z,72.804,9959.176729,2020-09-15T00:00:00.0000000Z,10.11297,2407256.042
Sept,2020-09-20T00:00:00.0000000Z,10740.2,20764.03396,2020-09-20T00:00:00.0000000Z,349.22,389100.0563,2020-09-20T00:00:00.0000000Z,44.96,120954.0445,2020-09-20T00:00:00.0000000Z,0.082657,54228712.99,2020-09-20T00:00:00.0000000Z,0.0026234,102812274.8,2020-09-20T00:00:00.0000000Z,0.070191,17574532.3,2020-09-20T00:00:00.0000000Z,0.23297,49709597.06,2020-09-20T00:00:00.0000000Z,1.202796,106241.8864,2020-09-20T00:00:00.0000000Z,2.3555,457128.4748,2020-09-20T00:00:00.0000000Z,0.23297,49709597.06,2020-09-20T00:00:00.0000000Z,0.00264,57504818.93,2020-09-20T00:00:00.0000000Z,1.0002,76063952.7,2020-09-20T00:00:00.0000000Z,67.942,11402.87605,2020-09-20T00:00:00.0000000Z,9.87421,4906898.721
Sept,2020-09-25T00:00:00.0000000Z,10842.2,13104.48435,2020-09-25T00:00:00.0000000Z,359.94,218400.7798,2020-09-25T00:00:00.0000000Z,45.66,83474.96212,2020-09-25T00:00:00.0000000Z,0.1012,56769605.49,2020-09-25T00:00:00.0000000Z,0.0026626,145683978,2020-09-25T00:00:00.0000000Z,0.074051,16263381.23,2020-09-25T00:00:00.0000000Z,0.24273,45404630.28,2020-09-25T00:00:00.0000000Z,1.212347,83277.07393,2020-09-25T00:00:00.0000000Z,2.4492,224841.2074,2020-09-25T00:00:00.0000000Z,0.24273,45404630.28,2020-09-25T00:00:00.0000000Z,0.00307,63813190.41,2020-09-25T00:00:00.0000000Z,1,47486995.63,2020-09-25T00:00:00.0000000Z,68.596,8143.122739,2020-09-25T00:00:00.0000000Z,10.14629,3410866.256
Oct,2020-09-30T00:00:00.0000000Z,10676.4,14011.78131,2020-09-30T00:00:00.0000000Z,352.54,189663.6436,2020-09-30T00:00:00.0000000Z,46.72,117697.1681,2020-09-30T00:00:00.0000000Z,0.096881,52679177.33,2020-09-30T00:00:00.0000000Z,0.0026288,212766618.3,2020-09-30T00:00:00.0000000Z,0.07287,23043979.33,2020-09-30T00:00:00.0000000Z,0.24789,47514420.22,2020-09-30T00:00:00.0000000Z,1.126982,86680.52236,2020-09-30T00:00:00.0000000Z,2.3724,489101.4684,2020-09-30T00:00:00.0000000Z,0.24789,47514420.22,2020-09-30T00:00:00.0000000Z,0.00277,86522426.33,2020-09-30T00:00:00.0000000Z,1.0004,49750583.87,2020-09-30T00:00:00.0000000Z,66.453,7401.800766,2020-09-30T00:00:00.0000000Z,9.40088,2480269.42
Oct,2020-10-05T00:00:00.0000000Z,11060.2,15459.39867,2020-10-05T00:00:00.0000000Z,365.6,311925.0206,2020-10-05T00:00:00.0000000Z,47.8,91117.22604,2020-10-05T00:00:00.0000000Z,0.101469,36401572.9,2020-10-05T00:00:00.0000000Z,0.0026574,69368260.64,2020-10-05T00:00:00.0000000Z,0.075001,22840102.29,2020-10-05T00:00:00.0000000Z,0.25314,63836435.95,2020-10-05T00:00:00.0000000Z,1.157346,72886.74505,2020-10-05T00:00:00.0000000Z,2.389,528019.8668,2020-10-05T00:00:00.0000000Z,0.25314,63836435.95,2020-10-05T00:00:00.0000000Z,0.00296,52894767.52,2020-10-05T00:00:00.0000000Z,1.0007,85363234.02,2020-10-05T00:00:00.0000000Z,67.59,7037.329233,2020-10-05T00:00:00.0000000Z,10.41541,2715834.635
Oct,2020-10-10T00:00:00.0000000Z,11433.1,17302.57715,2020-10-10T00:00:00.0000000Z,379.08,189757.2023,2020-10-10T00:00:00.0000000Z,49.82,133279.6318,2020-10-10T00:00:00.0000000Z,0.10719,65016769.75,2020-10-10T00:00:00.0000000Z,0.0026391,32836062.6,2020-10-10T00:00:00.0000000Z,0.074203,19233906.25,2020-10-10T00:00:00.0000000Z,0.24937,48425808.82,2020-10-10T00:00:00.0000000Z,1.117363,54821.71421,2020-10-10T00:00:00.0000000Z,2.5069,349236.2042,2020-10-10T00:00:00.0000000Z,0.24937,48425808.82,2020-10-10T00:00:00.0000000Z,0.00308,78633588.17,2020-10-10T00:00:00.0000000Z,1.0008,50027681.45,2020-10-10T00:00:00.0000000Z,69.874,10607.46356,2020-10-10T00:00:00.0000000Z,10.91,3518366.489
Oct,2020-10-15T00:00:00.0000000Z,11757,13577.56773,2020-10-15T00:00:00.0000000Z,379.5,145713.153,2020-10-15T00:00:00.0000000Z,48,102296.1842,2020-10-15T00:00:00.0000000Z,0.108702,23617197.15,2020-10-15T00:00:00.0000000Z,0.0025939,55734430.43,2020-10-15T00:00:00.0000000Z,0.085093,41638794.67,2020-10-15T00:00:00.0000000Z,0.24574,36446193.31,2020-10-15T00:00:00.0000000Z,1.106765,32635.8739,2020-10-15T00:00:00.0000000Z,2.9398,929503.8647,2020-10-15T00:00:00.0000000Z,0.24574,36446193.31,2020-10-15T00:00:00.0000000Z,0.0028,56436652.12,2020-10-15T00:00:00.0000000Z,1.0006,57132429.63,2020-10-15T00:00:00.0000000Z,74.928,10645.26515,2020-10-15T00:00:00.0000000Z,10.9147,1977938.909
Oct,2020-10-20T00:00:00.0000000Z,13130.9,27726.62126,2020-10-20T00:00:00.0000000Z,412.38,239944.8459,2020-10-20T00:00:00.0000000Z,59.28,219578.2537,2020-10-20T00:00:00.0000000Z,0.108059,55936326.6,2020-10-20T00:00:00.0000000Z,0.0026394,113126953.2,2020-10-20T00:00:00.0000000Z,0.0855,21221481.79,2020-10-20T00:00:00.0000000Z,0.25632,49697771.95,2020-10-20T00:00:00.0000000Z,1.128879,46878.96017,2020-10-20T00:00:00.0000000Z,3.4541,597770.7151,2020-10-20T00:00:00.0000000Z,0.25632,49697771.95,2020-10-20T00:00:00.0000000Z,0.00278,67756810.89,2020-10-20T00:00:00.0000000Z,1.0009,69629380.65,2020-10-20T00:00:00.0000000Z,73.345,14072.05891,2020-10-20T00:00:00.0000000Z,12.70151,4041616.648
Oct,2020-10-25T00:00:00.0000000Z,13463.1,29549.11402,2020-10-25T00:00:00.0000000Z,387.67,247104.0729,2020-10-25T00:00:00.0000000Z,54.9,215049.9835,2020-10-25T00:00:00.0000000Z,0.095347,43158818.36,2020-10-25T00:00:00.0000000Z,0.0025738,136442493.8,2020-10-25T00:00:00.0000000Z,0.077491,16198217.92,2020-10-25T00:00:00.0000000Z,0.24239,42099700.12,2020-10-25T00:00:00.0000000Z,1.05136,104747.0422,2020-10-25T00:00:00.0000000Z,3.0238,545863.1411,2020-10-25T00:00:00.0000000Z,0.24239,42099700.12,2020-10-25T00:00:00.0000000Z,0.00258,65254448.06,2020-10-25T00:00:00.0000000Z,1.0005,63026797.8,2020-10-25T00:00:00.0000000Z,66.946,10995.7933,2020-10-25T00:00:00.0000000Z,11.27456,3626205.399
Oct,2020-10-30T00:00:00.0000000Z,14021.8,24237.10278,2020-10-30T00:00:00.0000000Z,388.01,240658.7513,2020-10-30T00:00:00.0000000Z,53.95,131758.8729,2020-10-30T00:00:00.0000000Z,0.093665,40085906.67,2020-10-30T00:00:00.0000000Z,0.0025325,41612359.54,2020-10-30T00:00:00.0000000Z,0.075402,13589973.27,2020-10-30T00:00:00.0000000Z,0.23948,38335397.21,2020-10-30T00:00:00.0000000Z,0.988996,45840.02945,2020-10-30T00:00:00.0000000Z,3.1494,222067.5515,2020-10-30T00:00:00.0000000Z,0.23948,38335397.21,2020-10-30T00:00:00.0000000Z,0.00239,52948909.93,2020-10-30T00:00:00.0000000Z,1.0005,62597852.62,2020-10-30T00:00:00.0000000Z,64.339,9913.344456,2020-10-30T00:00:00.0000000Z,10.39856,2454994.036
Nov,2020-11-04T00:00:00.0000000Z,15480.1,42667.06649,2020-11-04T00:00:00.0000000Z,454.6,484417.7036,2020-11-04T00:00:00.0000000Z,61,313251.8041,2020-11-04T00:00:00.0000000Z,0.106518,93046385.54,2020-11-04T00:00:00.0000000Z,0.0027104,76568792.81,2020-11-04T00:00:00.0000000Z,0.081692,31110121.42,2020-11-04T00:00:00.0000000Z,0.25369,79137544.6,2020-11-04T00:00:00.0000000Z,1.108893,86421.33011,2020-11-04T00:00:00.0000000Z,3.5306,460593.8174,2020-11-04T00:00:00.0000000Z,0.25369,79137544.6,2020-11-04T00:00:00.0000000Z,0.00269,104525398.9,2020-11-04T00:00:00.0000000Z,1.0004,105621144,2020-11-04T00:00:00.0000000Z,68.247,18711.9291,2020-11-04T00:00:00.0000000Z,12.72691,5574419.128
Nov,2020-11-09T00:00:00.0000000Z,16343.4,32837.55191,2020-11-09T00:00:00.0000000Z,477.06,366730.5966,2020-11-09T00:00:00.0000000Z,65.83,266775.6938,2020-11-09T00:00:00.0000000Z,0.106539,51914031.36,2020-11-09T00:00:00.0000000Z,0.0028406,80908056.82,2020-11-09T00:00:00.0000000Z,0.082483,20212139.25,2020-11-09T00:00:00.0000000Z,0.26598,65701178.55,2020-11-09T00:00:00.0000000Z,1.124573,53217.89389,2020-11-09T00:00:00.0000000Z,4.1034,528344.2628,2020-11-09T00:00:00.0000000Z,0.26598,65701178.55,2020-11-09T00:00:00.0000000Z,0.0027,58239955.83,2020-11-09T00:00:00.0000000Z,1.001,114605373.9,2020-11-09T00:00:00.0000000Z,77.533,28260.30521,2020-11-09T00:00:00.0000000Z,12.88725,3728810.629
Nov,2020-11-14T00:00:00.0000000Z,17800,35851.42447,2020-11-14T00:00:00.0000000Z,479.11,371405.2972,2020-11-14T00:00:00.0000000Z,73.63,452190.097,2020-11-14T00:00:00.0000000Z,0.106694,62993101.08,2020-11-14T00:00:00.0000000Z,0.0029056,66414987.5,2020-11-14T00:00:00.0000000Z,0.083763,57738829.89,2020-11-14T00:00:00.0000000Z,0.29366,119645416.9,2020-11-14T00:00:00.0000000Z,1.194444,97535.71103,2020-11-14T00:00:00.0000000Z,5.2083,616072.9435,2020-11-14T00:00:00.0000000Z,0.29366,119645416.9,2020-11-14T00:00:00.0000000Z,0.00269,63944369.85,2020-11-14T00:00:00.0000000Z,1.001,102050451.9,2020-11-14T00:00:00.0000000Z,80.556,23655.87055,2020-11-14T00:00:00.0000000Z,13.57686,3503107.186
Nov,2020-11-19T00:00:00.0000000Z,18387.8,30703.38854,2020-11-19T00:00:00.0000000Z,609.09,531719.5579,2020-11-19T00:00:00.0000000Z,89.15,494490.4954,2020-11-19T00:00:00.0000000Z,0.154502,226676530.2,2020-11-19T00:00:00.0000000Z,0.0036684,280938034.2,2020-11-19T00:00:00.0000000Z,0.13192,138321229.2,2020-11-19T00:00:00.0000000Z,0.61686,523536507,2020-11-19T00:00:00.0000000Z,1.331041,134459.4424,2020-11-19T00:00:00.0000000Z,7.8904,1202008.191,2020-11-19T00:00:00.0000000Z,0.61686,523536507,2020-11-19T00:00:00.0000000Z,0.00309,120165105.7,2020-11-19T00:00:00.0000000Z,1.0007,124171469.7,2020-11-19T00:00:00.0000000Z,94.218,25588.55332,2020-11-19T00:00:00.0000000Z,15.27313,4083221.37
Nov,2020-11-24T00:00:00.0000000Z,17732.9,45077.15733,2020-11-24T00:00:00.0000000Z,538.27,652495.0753,2020-11-24T00:00:00.0000000Z,72.87,595478.2803,2020-11-24T00:00:00.0000000Z,0.165275,294038261.2,2020-11-24T00:00:00.0000000Z,0.003421,291964939.7,2020-11-24T00:00:00.0000000Z,0.20045,454448469.2,2020-11-24T00:00:00.0000000Z,0.62706,861373384.6,2020-11-24T00:00:00.0000000Z,1.27849,371037.7418,2020-11-24T00:00:00.0000000Z,6.5997,794258.0174,2020-11-24T00:00:00.0000000Z,0.62706,861373384.6,2020-11-24T00:00:00.0000000Z,0.00322,387700466.8,2020-11-24T00:00:00.0000000Z,1.0007,180047215.7,2020-11-24T00:00:00.0000000Z,109.384,81159.66017,2020-11-24T00:00:00.0000000Z,13.09465,4729738.701
Nov,2020-11-29T00:00:00.0000000Z,19451.3,43275.82712,2020-11-29T00:00:00.0000000Z,616.57,534269.6942,2020-11-29T00:00:00.0000000Z,89.06,531827.2925,2020-11-29T00:00:00.0000000Z,0.164211,123307495.2,2020-11-29T00:00:00.0000000Z,0.003441,77273906.8,2020-11-29T00:00:00.0000000Z,0.184356,86781808,2020-11-29T00:00:00.0000000Z,0.63098,323458751.2,2020-11-29T00:00:00.0000000Z,1.417178,506227.8141,2020-11-29T00:00:00.0000000Z,7.3766,379461.9012,2020-11-29T00:00:00.0000000Z,0.63098,323458751.2,2020-11-29T00:00:00.0000000Z,0.00346,127032838.7,2020-11-29T00:00:00.0000000Z,1.0007,208421242,2020-11-29T00:00:00.0000000Z,107.823,41642.87924,2020-11-29T00:00:00.0000000Z,13.99711,2835308.097
Dec,2020-12-04T00:00:00.0000000Z,18320.5,20930.41243,2020-12-04T00:00:00.0000000Z,554.65,303877.3705,2020-12-04T00:00:00.0000000Z,76.73,242852.1573,2020-12-04T00:00:00.0000000Z,0.141,101462823.1,2020-12-04T00:00:00.0000000Z,0.0031881,42596819.83,2020-12-04T00:00:00.0000000Z,0.152451,66816023.31,2020-12-04T00:00:00.0000000Z,0.5588,231075606.7,2020-12-04T00:00:00.0000000Z,1.240264,88274.01551,2020-12-04T00:00:00.0000000Z,7.7851,569458.7892,2020-12-04T00:00:00.0000000Z,0.5588,231075606.7,2020-12-04T00:00:00.0000000Z,0.00331,130138697.1,2020-12-04T00:00:00.0000000Z,0.9993,161074037.6,2020-12-04T00:00:00.0000000Z,94.799,31347.63998,2020-12-04T00:00:00.0000000Z,12.12298,1840381.047
Dec,2020-12-09T00:00:00.0000000Z,19164.1,28087.29482,2020-12-09T00:00:00.0000000Z,590.35,310917.2766,2020-12-09T00:00:00.0000000Z,82.21,279998.0498,2020-12-09T00:00:00.0000000Z,0.153765,94172778.48,2020-12-09T00:00:00.0000000Z,0.003281,52343999.11,2020-12-09T00:00:00.0000000Z,0.175905,107648911.4,2020-12-09T00:00:00.0000000Z,0.5131,293087908.6,2020-12-09T00:00:00.0000000Z,1.262701,83695.14034,2020-12-09T00:00:00.0000000Z,8.6497,573187.8423,2020-12-09T00:00:00.0000000Z,0.5131,293087908.6,2020-12-09T00:00:00.0000000Z,0.00329,73486404.9,2020-12-09T00:00:00.0000000Z,0.9993,196442411.3,2020-12-09T00:00:00.0000000Z,97.381,29443.78236,2020-12-09T00:00:00.0000000Z,12.93195,2204796.372
Dec,2020-12-14T00:00:00.0000000Z,23130.5,41095.63558,2020-12-14T00:00:00.0000000Z,654.67,338325.3813,2020-12-14T00:00:00.0000000Z,109.47,495711.1673,2020-12-14T00:00:00.0000000Z,0.165283,126894535.4,2020-12-14T00:00:00.0000000Z,0.0038657,277032219.1,2020-12-14T00:00:00.0000000Z,0.185177,110808137.2,2020-12-14T00:00:00.0000000Z,0.58474,346987475.3,2020-12-14T00:00:00.0000000Z,1.375076,46396.54724,2020-12-14T00:00:00.0000000Z,7.7877,315848.4092,2020-12-14T00:00:00.0000000Z,0.58474,346987475.3,2020-12-14T00:00:00.0000000Z,0.00359,102970764.2,2020-12-14T00:00:00.0000000Z,1.001,260399290.9,2020-12-14T00:00:00.0000000Z,107.989,24984.50687,2020-12-14T00:00:00.0000000Z,13.52428,2096027.128
Dec,2020-12-19T00:00:00.0000000Z,23226.7,36507.89406,2020-12-19T00:00:00.0000000Z,585.5,408696.4622,2020-12-19T00:00:00.0000000Z,102.45,839383.1756,2020-12-19T00:00:00.0000000Z,0.13663,133367706.8,2020-12-19T00:00:00.0000000Z,0.003767,1994763880,2020-12-19T00:00:00.0000000Z,0.126993,96280411.33,2020-12-19T00:00:00.0000000Z,0.26001,807696865.6,2020-12-19T00:00:00.0000000Z,1.095802,130617.5754,2020-12-19T00:00:00.0000000Z,5.8351,479234.4554,2020-12-19T00:00:00.0000000Z,0.26001,807696865.6,2020-12-19T00:00:00.0000000Z,0.00286,177218420.6,2020-12-19T00:00:00.0000000Z,0.9999,241187116.2,2020-12-19T00:00:00.0000000Z,91.299,38190.69823,2020-12-19T00:00:00.0000000Z,11.00594,2732212.705
Dec,2020-12-24T00:00:00.0000000Z,27029.5,42624.31244,2020-12-24T00:00:00.0000000Z,729.12,549164.6274,2020-12-24T00:00:00.0000000Z,129.64,812095.4266,2020-12-24T00:00:00.0000000Z,0.17605,179073792.7,2020-12-24T00:00:00.0000000Z,0.0045696,618325357.4,2020-12-24T00:00:00.0000000Z,0.144511,107878030.4,2020-12-24T00:00:00.0000000Z,0.24745,829052638.8,2020-12-24T00:00:00.0000000Z,1.196735,121000.3864,2020-12-24T00:00:00.0000000Z,6.6164,531381.1549,2020-12-24T00:00:00.0000000Z,0.24745,829052638.8,2020-12-24T00:00:00.0000000Z,0.00346,168957699.2,2020-12-24T00:00:00.0000000Z,0.9982,176315520.9,2020-12-24T00:00:00.0000000Z,107.083,30891.35398,2020-12-24T00:00:00.0000000Z,12.6,3908484.303
Dec,2020-12-29T00:00:00.0000000Z,28879.9,19123.07009,2020-12-29T00:00:00.0000000Z,752.5,260587.8512,2020-12-29T00:00:00.0000000Z,130.02,243717.6691,2020-12-29T00:00:00.0000000Z,0.183967,144363906.8,2020-12-29T00:00:00.0000000Z,0.0046215,168280097.7,2020-12-29T00:00:00.0000000Z,0.131815,42120365.77,2020-12-29T00:00:00.0000000Z,0.21138,464922369.3,2020-12-29T00:00:00.0000000Z,1.151245,33969.88324,2020-12-29T00:00:00.0000000Z,6.6225,240069.1176,2020-12-29T00:00:00.0000000Z,0.21138,464922369.3,2020-12-29T00:00:00.0000000Z,0.00334,121439344.1,2020-12-29T00:00:00.0000000Z,1.0005,115003396.2,2020-12-29T00:00:00.0000000Z,101.5,9283.484368,2020-12-29T00:00:00.0000000Z,11.25973,1477319.123
