Date,BTC-USD,ETH-USD,LTC-USD,ADA-USD,XLM-USD,DOGE-USD
2020-08-17,11991.2333984375,423.6693115234375,65.52753448486328,0.13742700219154358,0.10876999795436859,0.003513999981805682
2020-08-18,11758.283203125,406.4637756347656,62.0046272277832,0.12927499413490295,0.10254800319671631,0.00342399999499321
2020-08-19,11878.3720703125,416.4397888183594,62.96675491333008,0.13364200294017792,0.10717500001192093,0.003459000028669834
2020-08-20,11592.4892578125,389.1263427734375,59.37902069091797,0.12375999987125397,0.10043799877166748,0.003392999991774559
2020-08-21,11681.8251953125,395.83514404296875,60.3111572265625,0.12527599930763245,0.10246200114488602,0.003441999899223447
2020-08-22,11664.84765625,391.3844909667969,60.623260498046875,0.12159500271081924,0.10305000096559525,0.003413999918848276
2020-08-23,11774.595703125,408.1441955566406,62.199424743652344,0.12448800355195999,0.10350199788808823,0.0034179999493062496
2020-08-24,11366.134765625,384.00103759765625,58.580665588378906,0.11329200118780136,0.09811200201511383,0.0033050000201910734
2020-08-25,11488.36328125,386.46612548828125,58.35817337036133,0.1152850016951561,0.09841799736022949,0.0033030000049620867
2020-08-26,11323.3974609375,382.63262939453125,56.041015625,0.10682400315999985,0.09391699731349945,0.0032029999420046806
2020-08-27,11542.5,395.8746643066406,57.35440444946289,0.1094530001282692,0.09581899642944336,0.0032679999712854624
2020-08-28,11506.865234375,399.9214782714844,57.29173278808594,0.11671199649572372,0.09673699736595154,0.0032820000778883696
2020-08-29,11711.505859375,428.3957214355469,62.725341796875,0.11743699759244919,0.0982469990849495,0.0032999999821186066
2020-08-30,11680.8203125,435.0797424316406,61.11379623413086,0.12268800288438797,0.09731099754571915,0.0032210000790655613
2020-08-31,11970.478515625,477.0519104003906,62.882789611816406,0.1254110038280487,0.09937900304794312,0.0032560001127421856
2020-09-01,11414.0341796875,440.0404968261719,58.099647521972656,0.11561299860477448,0.09264999628067017,0.0031220000237226486
2020-09-02,10245.296875,385.67193603515625,47.774112701416016,0.09615399688482285,0.07944700121879578,0.0028019999153912067
2020-09-03,10511.8134765625,388.24114990234375,50.611976623535156,0.10244499891996384,0.08145199716091156,0.0028989999555051327
2020-09-04,10169.5673828125,335.26007080078125,47.58933639526367,0.08992300182580948,0.07551199942827225,0.0027580000460147858
2020-09-05,10280.3515625,353.3622741699219,48.05357360839844,0.09306000173091888,0.07786200195550919,0.00278700003400445
2020-09-06,10369.5634765625,352.6734924316406,48.77010726928711,0.09333299845457077,0.07869099825620651,0.002810999983921647
2020-09-07,10131.5166015625,337.60211181640625,47.3838005065918,0.09101100265979767,0.07753700017929077,0.002756000030785799
2020-09-08,10242.34765625,351.1100158691406,47.89769744873047,0.09334900230169296,0.07862599939107895,0.002778999973088503
2020-09-09,10363.138671875,368.1018981933594,48.716854095458984,0.09715600311756134,0.081324003636837,0.002804999938234687
2020-09-10,10400.9150390625,374.6955871582031,49.089752197265625,0.09698899835348129,0.08380799740552902,0.0028059999458491802
2020-09-11,10442.1708984375,387.18310546875,50.81715393066406,0.09759800136089325,0.0841049998998642,0.002819000044837594
2020-09-12,10323.755859375,365.57000732421875,48.066036224365234,0.09485600143671036,0.08006100356578827,0.0027759999502450228
2020-09-13,10680.837890625,377.26885986328125,49.09012222290039,0.09676899760961533,0.08045200258493423,0.0028029999230057
2020-09-14,10796.951171875,364.8392028808594,48.390098571777344,0.09349600225687027,0.07825600355863571,0.002831999910995364
2020-09-15,10974.9052734375,365.8122863769531,47.933433532714844,0.09165000170469284,0.08019900321960449,0.0028260000981390476
2020-09-16,10948.990234375,389.01922607421875,48.87706756591797,0.09421700239181519,0.080424003303051,0.002814000006765127
2020-09-17,10944.5859375,384.3645324707031,48.46281433105469,0.09108100086450577,0.07846099883317947,0.0028039999306201935
2020-09-18,11094.3466796875,385.54437255859375,48.67683029174805,0.09165699779987335,0.07897999882698059,0.0027940000873059034
2020-09-19,10938.271484375,371.0528259277344,47.100528717041016,0.08943299949169159,0.07740599662065506,0.0027779999654740095
2020-09-20,10462.259765625,341.78607177734375,43.390220642089844,0.08042799681425095,0.07070299983024597,0.002630000002682209
2020-09-21,10538.4599609375,344.503173828125,44.545047760009766,0.08175399899482727,0.07198700308799744,0.002655999967828393
2020-09-22,10225.8642578125,320.5855407714844,43.042057037353516,0.07682999968528748,0.06777799874544144,0.002563999965786934
2020-09-23,10745.548828125,349.3566589355469,44.96100616455078,0.08289500325918198,0.0706309974193573,0.002644000109285116
2020-09-24,10702.2900390625,352.161865234375,46.00873565673828,0.09690900146961212,0.07466799765825272,0.002706000115722418
2020-09-25,10754.4375,354.96527099609375,46.1312255859375,0.09555000066757202,0.07422199845314026,0.002707999898120761
2020-09-26,10774.4267578125,357.3216857910156,46.010440826416016,0.10120599716901779,0.0736289992928505,0.002701000077649951
2020-09-27,10721.3271484375,354.95050048828125,45.27067184448242,0.10069599747657776,0.0737060010433197,0.0026579999830573797
2020-09-28,10848.830078125,359.9634094238281,45.69805908203125,0.10113599896430969,0.07442499697208405,0.0026809999253600836
2020-09-29,10787.6181640625,360.0223693847656,46.28403854370117,0.10114599764347076,0.07496999949216843,0.0026420000940561295
2020-09-30,10623.330078125,353.2312927246094,46.283145904541016,0.09787800163030624,0.07340399920940399,0.0026149998884648085
2020-10-01,10585.1640625,346.53265380859375,44.979713439941406,0.09291300177574158,0.07126899808645248,0.0025839998852461576
2020-10-02,10565.4931640625,347.32159423828125,45.65327835083008,0.09368400275707245,0.07151000201702118,0.0026050000451505184
2020-10-03,10684.4287109375,353.1219177246094,46.75080871582031,0.09630099684000015,0.07329100370407104,0.0026459998916834593
2020-10-04,10804.0009765625,354.277099609375,46.37938690185547,0.0976869985461235,0.07355599850416183,0.002626999979838729
2020-10-05,10621.6640625,341.0211486816406,46.023780822753906,0.09290900081396103,0.07264500111341476,0.0026100000832229853
2020-10-06,10679.13671875,342.1197814941406,46.67470932006836,0.0939359962940216,0.0725959986448288,0.0026000000070780516
2020-10-07,10923.6279296875,351.4556579589844,47.2384033203125,0.09624200314283371,0.07332000136375427,0.0026030000299215317
2020-10-09,11296.361328125,370.96759033203125,48.92109680175781,0.10502500087022781,0.07737299799919128,0.0026549999602138996
2020-10-10,11384.181640625,375.1420593261719,50.727901458740234,0.10653799772262573,0.07722900062799454,0.0026740001048892736
2020-10-13,11429.5068359375,379.4840393066406,49.84648895263672,0.10729700326919556,0.07428299635648727,0.0026370000559836626
2020-10-14,11495.349609375,377.44183349609375,49.49037170410156,0.10663499683141708,0.07404100149869919,0.002592999953776598
2020-10-15,11322.123046875,366.22900390625,47.692874908447266,0.10406400263309479,0.07870200276374817,0.002612000098451972
2020-10-16,11358.1015625,368.8559265136719,47.05392837524414,0.10610400140285492,0.08191599696874619,0.002581000095233321
2020-10-17,11483.359375,378.21368408203125,47.619544982910156,0.10738799721002579,0.07955099642276764,0.0025859999004751444
2020-10-18,11742.037109375,379.93560791015625,48.098915100097656,0.10867699980735779,0.08524899929761887,0.002589999930933118
2020-10-19,11916.3349609375,369.13690185546875,47.051029205322266,0.1024940013885498,0.08090600371360779,0.002601000014692545
2020-10-20,12823.689453125,392.1899719238281,53.04533004760742,0.10618700087070465,0.08377999812364578,0.002630000002682209
2020-10-21,12965.8916015625,413.7729797363281,54.267276763916016,0.11057200282812119,0.08528000116348267,0.0026549999602138996
2020-10-22,12931.5390625,409.7666931152344,55.23868942260742,0.10808300226926804,0.08379500359296799,0.0026469998992979527
2020-10-23,13108.0625,412.4576110839844,59.09558868408203,0.10807500034570694,0.08543699979782104,0.0026459998916834593
2020-10-24,13031.173828125,406.2177734375,58.674800872802734,0.10635100305080414,0.08314300328493118,0.002652999944984913
2020-10-26,13075.248046875,393.8883056640625,56.74577713012695,0.10309699922800064,0.08090700209140778,0.002678999910131097
2020-10-27,13654.21875,403.9970397949219,57.8160514831543,0.10282699763774872,0.08180899918079376,0.00267699989490211
2020-10-28,13271.28515625,388.6507568359375,55.74251174926758,0.0989769995212555,0.07859200239181519,0.0025949999690055847
2020-10-29,13437.8828125,386.7301025390625,54.76585388183594,0.09537599980831146,0.07745300233364105,0.002581000095233321
2020-10-30,13546.5224609375,382.8199768066406,53.83503341674805,0.0933689996600151,0.07676299661397934,0.002597999991849065
2020-10-31,13780.9951171875,386.59033203125,55.59025955200195,0.09305600076913834,0.07767300307750702,0.0025760000571608543
2020-11-01,13737.109375,396.3581848144531,55.587623596191406,0.09819699823856354,0.07847800105810165,0.0025820001028478146
2020-11-02,13550.4892578125,383.15673828125,53.817481994628906,0.0921429991722107,0.07565999776124954,0.002517000073567033
2020-11-03,13950.30078125,387.6021728515625,53.81962203979492,0.09343399852514267,0.07531099766492844,0.0025279999244958162
2020-11-04,14133.70703125,402.1419982910156,54.49910354614258,0.09536900371313095,0.07459300011396408,0.002532999962568283
2020-11-05,15579.8486328125,414.0673522949219,58.678497314453125,0.09699399769306183,0.0801749974489212,0.002616999903693795
2020-11-06,15565.880859375,454.71929931640625,63.13111114501953,0.10910499840974808,0.08387400209903717,0.0027600000612437725
2020-11-07,14833.75390625,435.713134765625,59.143646240234375,0.10137899965047836,0.07961399853229523,0.0026710000820457935
2020-11-08,15479.5673828125,453.5547790527344,61.05504608154297,0.10662099719047546,0.08153799921274185,0.002710999920964241
2020-11-09,15332.3154296875,444.1630554199219,59.36388397216797,0.10532499849796295,0.07967700064182281,0.0026700000744313
2020-11-10,15290.90234375,449.67962646484375,58.237342834472656,0.10580500215291977,0.07982800155878067,0.002753000007942319
2020-11-11,15701.33984375,462.9605407714844,59.51502990722656,0.10596500337123871,0.08069200068712234,0.002768999896943569
2020-11-12,16276.34375,461.0052795410156,60.365379333496094,0.10452499985694885,0.08066599816083908,0.002778999973088503
2020-11-13,16317.80859375,474.6264343261719,65.45719909667969,0.10639099776744843,0.08231800049543381,0.0028210000600665808
2020-11-14,16068.138671875,460.14984130859375,63.77415084838867,0.10420200228691101,0.08115799725055695,0.0027729999274015427
2020-11-15,15955.587890625,447.55908203125,62.27992248535156,0.10053099691867828,0.08029399812221527,0.0027749999426305294
2020-11-16,16716.111328125,459.9403076171875,71.32624816894531,0.10400799661874771,0.08189599961042404,0.0028860000893473625
2020-11-17,17645.40625,480.3600769042969,75.85234069824219,0.1096000000834465,0.08607500046491623,0.0029360000044107437
2020-11-18,17804.005859375,479.48406982421875,73.69493865966797,0.10640300065279007,0.08361499756574631,0.0029090000316500664
2020-11-19,17817.08984375,471.63043212890625,81.68367004394531,0.10586600005626678,0.08390600234270096,0.002911000046879053
2020-11-20,18621.314453125,509.74456787109375,82.5831527709961,0.11822599917650223,0.08830700069665909,0.002983999904245138
2020-11-21,18642.232421875,549.4866333007812,86.41011810302734,0.1329450011253357,0.10840500146150589,0.0035069999285042286
2020-11-22,18370.001953125,558.068115234375,82.70420837402344,0.14475999772548676,0.10352600365877151,0.0033289999701082706
2020-11-23,18364.12109375,608.4540405273438,89.03931427001953,0.15351000428199768,0.1305990070104599,0.003648000070825219
2020-11-24,19107.46484375,603.8977661132812,89.20537567138672,0.1663230061531067,0.19548000395298004,0.0042039998807013035
2020-11-25,18732.12109375,570.6866455078125,81.880126953125,0.1551620066165924,0.19520199298858643,0.0037269999738782644
2020-11-26,17150.623046875,518.8011474609375,70.86572265625,0.13828100264072418,0.16754800081253052,0.0032500000670552254
2020-11-27,17108.40234375,517.4937133789062,69.12387084960938,0.1410280019044876,0.2064090073108673,0.003275000024586916
2020-11-28,17717.4140625,538.2297973632812,72.69296264648438,0.16479100286960602,0.20020300149917603,0.0034050000831484795
2020-11-29,18177.484375,575.758056640625,79.23506927490234,0.16663900017738342,0.19422399997711182,0.003447999944910407
2020-11-30,19625.8359375,614.842529296875,87.57463073730469,0.1713079959154129,0.2020930051803589,0.0035510000307112932
2020-12-01,18802.998046875,587.3241577148438,85.4357681274414,0.15598300099372864,0.1844249963760376,0.003335000015795231
2020-12-02,19201.091796875,598.3523559570312,88.85651397705078,0.1585569977760315,0.18515099585056305,0.0033740000799298286
2020-12-03,19445.3984375,616.708740234375,89.09896850585938,0.16421200335025787,0.18430399894714355,0.0034280000254511833
2020-12-04,18699.765625,569.3541870117188,80.01707458496094,0.14824099838733673,0.16285499930381775,0.00329799996688962
2020-12-05,19154.23046875,596.595458984375,83.11872863769531,0.1596679985523224,0.17171800136566162,0.0033970000222325325
2020-12-06,19345.12109375,601.9089965820312,83.55533599853516,0.1588670015335083,0.17563000321388245,0.003387999953702092
2020-12-07,19191.630859375,591.8433837890625,83.62406158447266,0.1541299968957901,0.16845999658107758,0.0033420000690966845
2020-12-08,18321.14453125,554.8277587890625,76.7486572265625,0.1409280002117157,0.15280300378799438,0.0031789999920874834
2020-12-09,18553.916015625,573.4791259765625,77.41098022460938,0.1481650024652481,0.1722240000963211,0.0031580000650137663
2020-12-10,18264.9921875,559.6785278320312,74.82955932617188,0.14199399948120117,0.16110199689865112,0.0031049998942762613
2020-12-11,18058.904296875,545.79736328125,72.08733367919922,0.13944900035858154,0.15117999911308289,0.0030789999291300774
2020-12-12,18803.65625,568.5673217773438,76.70689392089844,0.14445999264717102,0.15895000100135803,0.003163000103086233
2020-12-13,19142.3828125,589.6632080078125,82.00064086914062,0.15396399796009064,0.17485199868679047,0.0032560001127421856
2020-12-14,19246.64453125,586.0111694335938,82.3631591796875,0.15799200534820557,0.1697620004415512,0.0032309999223798513
2020-12-15,19417.076171875,589.3555908203125,81.40067291259766,0.15430499613285065,0.16655699908733368,0.0032059999648481607
2020-12-16,21310.59765625,636.1818237304688,92.78968811035156,0.1675889939069748,0.19140100479125977,0.003415999934077263
2020-12-17,22805.162109375,642.8689575195312,100.9595718383789,0.16348299384117126,0.18593500554561615,0.0037299999967217445
2020-12-18,23137.9609375,654.8119506835938,109.38450622558594,0.16498799622058868,0.18512700498104095,0.0038580000400543213
2020-12-19,23869.83203125,659.2979125976562,120.55890655517578,0.1647139936685562,0.18183700740337372,0.003926999866962433
2020-12-20,23477.294921875,638.2908325195312,114.6659927368164,0.1619880050420761,0.17697900533676147,0.004625000059604645
2020-12-21,22803.08203125,609.81787109375,105.0053939819336,0.15265600383281708,0.16635699570178986,0.004786999896168709
2020-12-22,23783.029296875,634.8541870117188,113.68036651611328,0.15617899596691132,0.16218499839305878,0.0045079998672008514
2020-12-23,23241.345703125,583.714599609375,101.81706237792969,0.13639399409294128,0.12647099792957306,0.003768000053241849
2020-12-24,23735.94921875,611.607177734375,111.56539916992188,0.15288299322128296,0.159620001912117,0.004569999873638153
2020-12-25,24664.791015625,626.4107055664062,126.98359680175781,0.15756399929523468,0.15258699655532837,0.0045819999650120735
2020-12-26,26437.037109375,635.8358154296875,129.45919799804688,0.15782399475574493,0.1470469981431961,0.004494000226259232
2020-12-27,26272.294921875,682.642333984375,127.5169677734375,0.15442200005054474,0.1449729949235916,0.004548000171780586
2020-12-28,27084.80859375,730.3973388671875,130.0503387451172,0.17673499882221222,0.1443749964237213,0.004592000041157007
2020-12-29,27362.4375,731.5201416015625,129.04080200195312,0.19216400384902954,0.1388150006532669,0.004486000165343285
2020-12-30,28840.953125,751.6189575195312,129.46607971191406,0.18403999507427216,0.13191300630569458,0.004635999910533428
2020-12-31,29001.720703125,737.8034057617188,124.69032287597656,0.18139700591564178,0.128370001912117,0.004681999795138836
2021-01-01,29374.15234375,730.3675537109375,126.2303466796875,0.17534999549388885,0.1324079930782318,0.005685000214725733
2021-01-02,32127.267578125,774.5349731445312,136.94488525390625,0.17742300033569336,0.1278200000524521,0.010614999569952488
2021-01-03,32782.0234375,975.5076904296875,160.19058227539062,0.20499500632286072,0.1364230066537857,0.009770999662578106
2021-01-04,31971.9140625,1040.2330322265625,154.8073272705078,0.2247619926929474,0.1651799976825714,0.009766999632120132
2021-01-05,33992.4296875,1100.006103515625,158.5947723388672,0.25831401348114014,0.1948229968547821,0.009920000098645687
2021-01-06,36824.36328125,1207.1121826171875,169.0169219970703,0.3318980038166046,0.34079301357269287,0.010464999824762344
2021-01-07,39371.04296875,1225.6781005859375,169.61595153808594,0.2999800145626068,0.31579700112342834,0.00974200014024973
2021-01-08,40797.609375,1224.1971435546875,173.27987670898438,0.3055970072746277,0.30283600091934204,0.009846000000834465
2021-01-09,40254.546875,1281.0772705078125,177.4839324951172,0.33297300338745117,0.3119350075721741,0.010193999856710434
2021-01-10,38356.44140625,1262.2467041015625,171.11483764648438,0.3048950135707855,0.28874900937080383,0.009859999641776085
2021-01-11,35566.65625,1090.1453857421875,139.25222778320312,0.2754659950733185,0.27223798632621765,0.008834999985992908
2021-01-12,33922.9609375,1043.4345703125,132.6359100341797,0.2870030105113983,0.28174299001693726,0.008062999695539474
2021-01-13,37316.359375,1130.7393798828125,147.4213409423828,0.3136090040206909,0.30402201414108276,0.008616000413894653
2021-01-14,39187.328125,1218.4530029296875,152.08457946777344,0.3103959858417511,0.302619993686676,0.009397000074386597
2021-01-15,36825.3671875,1171.8345947265625,144.237548828125,0.3025299906730652,0.2849409878253937,0.009368999861180782
2021-01-16,36178.140625,1233.53759765625,144.2654266357422,0.35244399309158325,0.2920190095901489,0.009265000000596046
2021-01-17,35791.27734375,1230.1722412109375,142.43081665039062,0.3798519968986511,0.30356600880622864,0.009066999889910221
2021-01-18,36630.07421875,1257.279541015625,152.1440887451172,0.3714280128479004,0.30361101031303406,0.009170999750494957
2021-01-19,36069.8046875,1377.2958984375,153.4874267578125,0.3691369891166687,0.2994050085544586,0.009097999893128872
2021-01-20,35547.75,1382.2740478515625,149.93142700195312,0.37539398670196533,0.2943510115146637,0.009060000069439411
2021-01-21,30825.69921875,1121.5709228515625,130.1334991455078,0.3102090060710907,0.2526029944419861,0.008166000247001648
2021-01-22,33005.76171875,1236.51220703125,137.27145385742188,0.34957700967788696,0.2705009877681732,0.008523999713361263
2021-01-23,32067.642578125,1230.9906005859375,137.75099182128906,0.345643013715744,0.2697550058364868,0.008578999899327755
2021-01-24,32289.37890625,1391.609375,141.47731018066406,0.35388100147247314,0.27155598998069763,0.008727000094950199
2021-01-25,32366.392578125,1324.414794921875,137.44419860839844,0.34388598799705505,0.2621789872646332,0.008383000269532204
2021-01-26,32569.849609375,1357.05810546875,134.75526428222656,0.34423398971557617,0.26156699657440186,0.008255000226199627
2021-01-27,30432.546875,1253.1871337890625,122.94947052001953,0.3130800127983093,0.23906999826431274,0.007482000160962343
2021-01-28,31649.60546875,1298.101806640625,130.5916748046875,0.3333030045032501,0.25542300939559937,0.012555000372231007
2021-01-29,34316.38671875,1382.5228271484375,135.0125732421875,0.348131000995636,0.29467400908470154,0.047162000089883804
2021-01-30,34269.5234375,1376.115478515625,133.4000244140625,0.362619012594223,0.32486599683761597,0.028176000341773033
2021-01-31,33114.359375,1314.9862060546875,129.57081604003906,0.344897985458374,0.30570200085639954,0.037195999175310135
2021-02-01,33537.17578125,1369.04052734375,131.95193481445312,0.4020330011844635,0.3218350112438202,0.03487500175833702
2021-02-02,35510.2890625,1515.1937255859375,142.50697326660156,0.4262470006942749,0.3366200029850006,0.03152000159025192
2021-02-03,37472.08984375,1660.9095458984375,155.61203002929688,0.4413999915122986,0.3421509861946106,0.03711999952793121
2021-02-04,36926.06640625,1594.7626953125,145.148193359375,0.44105100631713867,0.3252289891242981,0.05328899994492531
2021-02-05,38144.30859375,1718.65087890625,154.8522186279297,0.5378739833831787,0.349606990814209,0.04693499952554703
2021-02-06,39266.01171875,1677.8468017578125,155.71473693847656,0.6278859972953796,0.37630000710487366,0.05759499967098236
2021-02-07,38903.44140625,1614.227783203125,151.14007568359375,0.663237988948822,0.3834730088710785,0.07878199964761734
2021-02-08,46196.46484375,1746.6168212890625,167.21905517578125,0.6825109720230103,0.39560601115226746,0.07882499694824219
2021-02-09,46481.10546875,1768.0350341796875,182.11447143554688,0.7035160064697266,0.3967370092868805,0.07006999850273132
2021-02-10,44918.18359375,1744.243408203125,182.1743927001953,0.9303179979324341,0.41241899132728577,0.07289600372314453
2021-02-11,47909.33203125,1783.7979736328125,184.49600219726562,0.9277409911155701,0.45291200280189514,0.0696759968996048
2021-02-12,47504.8515625,1843.5325927734375,197.23170471191406,0.925586998462677,0.5278429985046387,0.07006900012493134
2021-02-13,47105.515625,1814.10986328125,226.22760009765625,0.905718982219696,0.5599480271339417,0.06644999980926514
2021-02-14,48717.2890625,1805.0841064453125,214.43026733398438,0.8484190106391907,0.5176439881324768,0.06253699958324432
2021-02-15,47945.05859375,1779.791015625,207.68101501464844,0.8610119819641113,0.49376198649406433,0.05659100040793419
2021-02-16,49199.87109375,1781.0675048828125,210.54656982421875,0.8709509968757629,0.4866099953651428,0.05352000147104263
2021-02-17,52149.0078125,1848.458251953125,236.97352600097656,0.8909199833869934,0.4970020055770874,0.049375999718904495
2021-02-18,51679.796875,1937.44921875,226.8695526123047,0.9141190052032471,0.4975079894065857,0.0595409981906414
2021-02-19,55888.1328125,1960.164794921875,236.67601013183594,0.9276490211486816,0.5136020183563232,0.055139001458883286
2021-02-20,56099.51953125,1919.5340576171875,227.61988830566406,1.1229579448699951,0.48800599575042725,0.05438400059938431
2021-02-21,57539.9453125,1935.60107421875,227.23135375976562,1.1005200147628784,0.49876800179481506,0.055980000644922256
2021-02-22,54207.3203125,1781.992919921875,208.10679626464844,1.0991510152816772,0.4669570028781891,0.053725000470876694
2021-02-23,48824.42578125,1570.2039794921875,176.93492126464844,0.954708993434906,0.3865300118923187,0.04739199951291084
2021-02-24,49705.33203125,1626.57568359375,181.3784942626953,1.05165696144104,0.40724000334739685,0.05655499920248985
2021-02-25,47093.8515625,1475.7037353515625,178.90184020996094,1.0791159868240356,0.38126900792121887,0.05016700178384781
2021-02-26,46339.76171875,1446.03369140625,170.3981475830078,1.2411049604415894,0.40067800879478455,0.05048000067472458
2021-02-27,46188.453125,1459.97314453125,172.10044860839844,1.3248599767684937,0.44145798683166504,0.05008300021290779
2021-02-28,45137.76953125,1416.0489501953125,164.9271697998047,1.3080589771270752,0.40665099024772644,0.04805200174450874
2021-03-01,49631.2421875,1564.7076416015625,175.23789978027344,1.2923879623413086,0.4303179979324341,0.050599001348018646
2021-03-02,48378.98828125,1492.6087646484375,177.8724365234375,1.2255820035934448,0.41956499218940735,0.050262000411748886
2021-03-03,50538.2421875,1575.8531494140625,188.52566528320312,1.2165930271148682,0.42210501432418823,0.050592001527547836
2021-03-04,48561.16796875,1541.914306640625,181.07864379882812,1.1148680448532104,0.41322198510169983,0.05004800111055374
2021-03-05,48927.3046875,1533.2750244140625,180.76560974121094,1.1685229539871216,0.4061700105667114,0.049609001725912094
2021-03-06,48912.3828125,1654.7415771484375,182.98190307617188,1.131011962890625,0.40331000089645386,0.05098399892449379
2021-03-07,51206.69140625,1723.15380859375,190.7591094970703,1.1333669424057007,0.4128440022468567,0.052122000604867935
2021-03-08,52246.5234375,1834.7279052734375,191.9276885986328,1.1180529594421387,0.4175319969654083,0.061948999762535095
2021-03-09,54824.1171875,1868.048828125,203.6378631591797,1.195160984992981,0.43264999985694885,0.05799800157546997
2021-03-10,56008.55078125,1799.166259765625,200.51686096191406,1.1350029706954956,0.410768985748291,0.05600399896502495
2021-03-11,57805.12109375,1826.1949462890625,201.25033569335938,1.1247899532318115,0.4059000015258789,0.055918000638484955
2021-03-12,57332.08984375,1772.1024169921875,220.82940673828125,1.0391440391540527,0.38787099719047546,0.05534899979829788
2021-03-13,61243.0859375,1924.6854248046875,226.5782928466797,1.1033140420913696,0.40826401114463806,0.062431998550891876
2021-03-14,59302.31640625,1854.5643310546875,215.2960968017578,1.0591540336608887,0.3915329873561859,0.05859199911355972
2021-03-15,55907.19921875,1791.7022705078125,201.26461791992188,1.033539056777954,0.3854990005493164,0.05708799883723259
2021-03-16,56804.90234375,1806.9718017578125,201.04063415527344,1.2429529428482056,0.39574700593948364,0.05860700085759163
2021-03-17,58870.89453125,1823.4493408203125,206.06793212890625,1.3786729574203491,0.4047439992427826,0.057652998715639114
2021-03-18,57858.921875,1782.8551025390625,200.5373077392578,1.2390060424804688,0.39760899543762207,0.05738300085067749
2021-03-19,58346.65234375,1817.6241455078125,201.063720703125,1.3021700382232666,0.3983280062675476,0.05832799896597862
2021-03-20,58313.64453125,1812.6346435546875,200.80642700195312,1.2065409421920776,0.4174880087375641,0.05896100029349327
2021-03-21,57523.421875,1788.217041015625,196.42774963378906,1.18913996219635,0.4049989879131317,0.05723400041460991
2021-03-22,54529.14453125,1691.333984375,187.0778350830078,1.1098740100860596,0.39673998951911926,0.054962001740932465
2021-03-23,54738.9453125,1678.650146484375,187.3939666748047,1.1215519905090332,0.400085985660553,0.05355599895119667
2021-03-24,52774.265625,1593.4134521484375,177.6549530029297,1.0750019550323486,0.3686389923095703,0.051702000200748444
2021-03-25,51704.16015625,1595.3592529296875,173.06118774414062,1.1015739440917969,0.3659000098705292,0.051447998732328415
2021-03-26,55137.3125,1702.842041015625,184.27867126464844,1.2139689922332764,0.3875049948692322,0.05395200103521347
2021-03-27,55973.51171875,1716.49462890625,184.8304443359375,1.1765769720077515,0.3847219944000244,0.0543770007789135
2021-03-28,55950.74609375,1691.35595703125,185.0284881591797,1.1911239624023438,0.39934098720550537,0.05369799956679344
2021-03-28,57750.19921875,1819.6849365234375,194.4747772216797,1.2025409936904907,0.4078829884529114,0.054051999002695084
2021-03-29,58917.69140625,1846.03369140625,196.68209838867188,1.2133170366287231,0.4059410095214844,0.05389999970793724
2021-03-30,58918.83203125,1918.362060546875,197.4990997314453,1.1932640075683594,0.41089800000190735,0.05365699902176857
2021-03-31,59095.80859375,1977.27685546875,204.11251831054688,1.189244031906128,0.43251198530197144,0.06198599934577942
2021-04-01,59384.3125,2143.2255859375,213.2283935546875,1.1965090036392212,0.4465849995613098,0.05766399949789047
2021-04-02,57603.890625,2028.4224853515625,197.14820861816406,1.1732770204544067,0.4180540144443512,0.05580399930477142
2021-04-03,58758.5546875,2093.122802734375,204.04290771484375,1.1914199590682983,0.43780699372291565,0.05740400031208992
2021-04-04,59057.87890625,2107.88720703125,221.0690460205078,1.2143000364303589,0.5363669991493225,0.059696000069379807
2021-04-05,58192.359375,2118.37890625,237.66490173339844,1.2553540468215942,0.542743980884552,0.06445799767971039
2021-04-06,56048.9375,1971.0772705078125,219.42367553710938,1.1751489639282227,0.47328001260757446,0.05902799963951111
2021-04-07,58323.953125,2088.57373046875,227.00302124023438,1.2194360494613647,0.506816029548645,0.06146400049328804
2021-04-08,58245.00390625,2072.10888671875,221.86236572265625,1.2035399675369263,0.4863870143890381,0.06168400123715401
2021-04-09,59793.234375,2135.942138671875,255.6201934814453,1.2187579870224,0.5618289709091187,0.06384500116109848
2021-04-10,60204.96484375,2157.656982421875,253.63446044921875,1.2667349576950073,0.5888100266456604,0.07464899867773056
2021-04-11,59893.453125,2139.353271484375,244.49436950683594,1.3161269426345825,0.5905920267105103,0.07076700031757355
2021-04-12,63503.45703125,2299.187744140625,266.9814758300781,1.4117859601974487,0.6553559899330139,0.09344500303268433
2021-04-13,63109.6953125,2435.10498046875,279.7484130859375,1.4554200172424316,0.6367350220680237,0.12151700258255005
2021-04-14,63314.01171875,2519.1162109375,286.5906066894531,1.4815880060195923,0.641040027141571,0.18220700323581696
2021-04-15,61572.7890625,2431.946533203125,310.61273193359375,1.4169490337371826,0.6132630109786987,0.36586999893188477
2021-04-16,60683.8203125,2344.89501953125,304.7599182128906,1.3848689794540405,0.5992550253868103,0.28417301177978516
2021-04-17,56216.18359375,2237.136962890625,273.09881591796875,1.275501012802124,0.544734001159668,0.3204750120639801
2021-04-18,55724.265625,2166.188720703125,261.9192199707031,1.1979589462280273,0.5012339949607849,0.40731799602508545
2021-04-19,56473.03125,2330.2109375,260.94134521484375,1.2659339904785156,0.5279499888420105,0.31949999928474426
2021-04-20,53906.08984375,2364.751708984375,258.80560302734375,1.2067350149154663,0.4920879900455475,0.3069249987602234
2021-04-21,51762.2734375,2403.53515625,253.07835388183594,1.147017002105713,0.4503459930419922,0.2609669864177704
2021-04-22,51093.65234375,2363.586181640625,241.35877990722656,1.155701994895935,0.45089200139045715,0.2485090047121048
2021-04-23,50050.8671875,2211.625732421875,224.8357696533203,1.101354956626892,0.42574599385261536,0.27021199464797974
2021-04-24,49004.25390625,2316.0595703125,223.6328582763672,1.0882500410079956,0.4164380133152008,0.2511110007762909
2021-04-25,54021.75390625,2534.481689453125,247.4059295654297,1.2340190410614014,0.4856100082397461,0.2706739902496338
2021-04-26,55033.1171875,2662.865234375,259.65228271484375,1.306926965713501,0.5094789862632751,0.2721880078315735
2021-04-27,54824.703125,2746.380126953125,258.5051574707031,1.3356659412384033,0.49734899401664734,0.3236820101737976
2021-04-28,53555.109375,2756.876953125,255.58526611328125,1.3080140352249146,0.49179700016975403,0.3051689863204956
2021-04-29,57750.17578125,2773.20703125,271.1670837402344,1.3524490594863892,0.5295259952545166,0.3375610113143921
2021-04-30,57828.05078125,2945.892822265625,276.8335266113281,1.3530709743499756,0.5398020148277283,0.3929870128631592
2021-05-01,56631.078125,2952.05615234375,269.1043701171875,1.3268120288848877,0.5594919919967651,0.37604600191116333
2021-05-02,57200.29296875,3431.086181640625,294.7040100097656,1.362030029296875,0.5521420240402222,0.44170698523521423
2021-05-03,53333.5390625,3253.62939453125,306.2344970703125,1.274111032485962,0.5033230185508728,0.5413339734077454
2021-05-04,57424.0078125,3522.783203125,356.0370788574219,1.4755289554595947,0.6034290194511414,0.6576330065727234
2021-05-05,56396.515625,3490.88037109375,353.5103454589844,1.650123953819275,0.6510319709777832,0.5808039903640747
2021-05-06,57356.40234375,3484.72900390625,346.2535705566406,1.65345299243927,0.6303769946098328,0.684777021408081
2021-05-07,58803.77734375,3902.647705078125,346.3687438964844,1.619554042816162,0.6165509819984436,0.6364390254020691
2021-05-08,58232.31640625,3928.8447265625,386.4507751464844,1.7705620527267456,0.6285889744758606,0.5700700283050537
2021-05-09,55859.796875,3952.2939453125,359.3293151855469,1.6446959972381592,0.6595789790153503,0.4499639868736267
2021-05-10,56704.57421875,4168.701171875,377.3887939453125,1.7640769481658936,0.7299960255622864,0.4952310025691986
2021-05-11,49150.53515625,3785.8486328125,303.0848693847656,1.5527750253677368,0.5887050032615662,0.3853760063648224
2021-05-12,49716.19140625,3715.1484375,316.9093322753906,1.9336680173873901,0.644150972366333,0.49037399888038635
2021-05-13,49880.53515625,4079.057373046875,326.2338562011719,2.004796028137207,0.668042004108429,0.5596039891242981
2021-05-14,46760.1875,3638.1220703125,299.77252197265625,2.1740269660949707,0.6762409806251526,0.507972002029419
2021-05-15,46456.05859375,3587.506103515625,296.6270446777344,2.309113025665283,0.7143020033836365,0.5148950219154358
2021-05-16,43537.51171875,3282.397705078125,281.7693176269531,2.032226085662842,0.6456009745597839,0.4878920018672943
2021-05-17,42909.40234375,3380.070068359375,294.61932373046875,2.003662109375,0.6471149921417236,0.47611498832702637
2021-05-18,37002.44140625,2460.67919921875,189.52017211914062,1.4825210571289062,0.45042699575424194,0.33312299847602844
2021-05-19,40782.73828125,2784.294189453125,212.27613830566406,1.8104690313339233,0.49759000539779663,0.400193989276886
2021-05-20,37304.69140625,2430.621337890625,180.19703674316406,1.5522769689559937,0.41935500502586365,0.3593820035457611
2021-05-21,37536.6328125,2295.70556640625,169.5945587158203,1.463621973991394,0.38995298743247986,0.34237098693847656
2021-05-22,34770.58203125,2109.579833984375,143.5193634033203,1.325435996055603,0.36780500411987305,0.30807098746299744
2021-05-23,38705.98046875,2643.591064453125,183.99412536621094,1.5494849681854248,0.43970200419425964,0.3661620020866394
2021-05-24,38402.22265625,2706.62890625,183.49789428710938,1.5553690195083618,0.42881301045417786,0.34630200266838074
2021-05-25,39294.19921875,2888.69873046875,199.22433471679688,1.7827019691467285,0.44467398524284363,0.35369300842285156
2021-05-26,38436.96875,2736.488525390625,193.12109375,1.6459599733352661,0.4185909926891327,0.33294498920440674
2021-05-27,35697.60546875,2419.90625,177.32066345214844,1.5119869709014893,0.39879199862480164,0.3112049996852875
2021-05-28,34616.06640625,2279.51416015625,163.80810546875,1.4062319993972778,0.3671570122241974,0.3031100034713745
2021-05-29,35678.12890625,2390.305419921875,170.9782257080078,1.577278971672058,0.37568798661231995,0.3022240102291107
2021-05-30,37332.85546875,2714.9453125,188.03367614746094,1.742777943611145,0.4034070074558258,0.3258099853992462
2021-05-31,36684.92578125,2633.518310546875,182.98069763183594,1.7347530126571655,0.41771000623703003,0.3700770139694214
2021-06-01,37575.1796875,2706.125,187.26397705078125,1.7528239488601685,0.4190100133419037,0.4233739972114563
2021-06-02,39208.765625,2855.12646484375,193.086181640625,1.8404710292816162,0.42534300684928894,0.39996299147605896
2021-06-03,36894.40625,2688.195068359375,178.87200927734375,1.710908055305481,0.38503900170326233,0.37632301449775696
2021-06-04,35551.95703125,2630.576904296875,173.02871704101562,1.6590089797973633,0.3753800094127655,0.37217700481414795
2021-06-05,35862.37890625,2715.0927734375,176.63943481445312,1.6782480478286743,0.38125500082969666,0.3718070089817047
2021-06-06,33560.70703125,2590.26318359375,161.73280334472656,1.5641059875488281,0.34623199701309204,0.33105000853538513
2021-06-07,33472.6328125,2517.438720703125,161.16107177734375,1.5880299806594849,0.3505670130252838,0.32768699526786804
2021-06-08,37345.12109375,2608.26708984375,172.13865661621094,1.6248259544372559,0.3642910122871399,0.3433310091495514
2021-06-09,36702.59765625,2471.5185546875,168.20306396484375,1.5318570137023926,0.33921000361442566,0.32635098695755005
2021-06-10,37334.3984375,2353.768798828125,162.88052368164062,1.436378002166748,0.31866100430488586,0.3193590044975281
2021-06-11,35552.515625,2372.484375,162.01486206054688,1.4802199602127075,0.3282969892024994,0.31208398938179016
2021-06-12,39097.859375,2508.3916015625,170.93087768554688,1.5583590269088745,0.3447299897670746,0.3243820071220398
2021-06-13,40218.4765625,2537.89111328125,172.9490966796875,1.5751099586486816,0.3483020067214966,0.3320850133895874
2021-06-14,40406.26953125,2610.936767578125,178.659423828125,1.597756028175354,0.3438139855861664,0.3283810019493103
2021-06-15,38347.0625,2367.66357421875,166.4589385986328,1.4825730323791504,0.31737300753593445,0.307761013507843
2021-06-16,38053.50390625,2372.001953125,167.05569458007812,1.482193946838379,0.31756100058555603,0.3064959943294525
2021-06-17,35787.24609375,2231.733154296875,156.3556365966797,1.415395975112915,0.29765599966049194,0.2934719920158386
2021-06-18,35615.87109375,2178.4990234375,153.2954559326172,1.390570044517517,0.29079899191856384,0.2873559892177582
2021-06-19,35698.296875,2246.364501953125,155.09259033203125,1.4291880130767822,0.2976300120353699,0.2809000015258789
2021-06-20,31676.693359375,1888.447509765625,124.78646087646484,1.1774799823760986,0.23666700720787048,0.17869099974632263
2021-06-21,32505.66015625,1874.9500732421875,119.6026840209961,1.1532540321350098,0.23463000357151031,0.19103099405765533
2021-06-22,33723.02734375,1989.736328125,128.67498779296875,1.2528959512710571,0.2571749985218048,0.23217399418354034
2021-06-23,34662.4375,1988.456298828125,134.48460388183594,1.3560869693756104,0.2677690088748932,0.2627820074558258
2021-06-24,31637.779296875,1813.21728515625,125.687744140625,1.256477952003479,0.24259400367736816,0.23915299773216248
2021-06-25,32186.27734375,1829.2392578125,126.65725708007812,1.250440001487732,0.2493090033531189,0.24478399753570557
2021-06-26,34649.64453125,1978.8946533203125,132.34788513183594,1.3352019786834717,0.25864800810813904,0.2644500136375427
2021-06-27,34434.3359375,2079.657470703125,137.370849609375,1.3247519731521606,0.26350799202919006,0.2568570077419281
2021-06-28,35867.77734375,2160.768310546875,143.70291137695312,1.3684370517730713,0.28081798553466797,0.26276901364326477
2021-06-29,35040.8359375,2274.547607421875,144.13583374023438,1.383471965789795,0.28297799825668335,0.2542150020599365
2021-06-30,33572.1171875,2113.60546875,137.57752990722656,1.3356109857559204,0.26974600553512573,0.2445490062236786
2021-07-01,33897.046875,2150.040283203125,136.94369506835938,1.3943970203399658,0.2634269893169403,0.2452639937400818
2021-07-02,34668.546875,2226.1142578125,140.27969360351562,1.4068360328674316,0.26432400941848755,0.24641099572181702
2021-07-03,35287.78125,2321.72412109375,144.90585327148438,1.458184003829956,0.26812800765037537,0.2464829981327057
2021-07-04,33746.00390625,2198.58251953125,138.0732421875,1.4048980474472046,0.2544560134410858,0.23161399364471436
2021-07-05,34235.1953125,2324.679443359375,138.9856414794922,1.4180530309677124,0.2601900100708008,0.2344219982624054
2021-07-06,33855.328125,2315.161865234375,137.3712158203125,1.4031180143356323,0.25694000720977783,0.22412599623203278
2021-07-07,32877.37109375,2120.0263671875,132.30850219726562,1.3301459550857544,0.24342100322246552,0.20759700238704681
2021-07-08,33798.01171875,2146.6923828125,134.57159423828125,1.3494739532470703,0.24580200016498566,0.21986399590969086
2021-07-09,33520.51953125,2111.403564453125,133.98728942871094,1.3360849618911743,0.2453169971704483,0.213919997215271
2021-07-10,34240.1875,2139.664794921875,134.24583435058594,1.3481450080871582,0.24615700542926788,0.21585600078105927
2021-07-11,33155.84765625,2036.7210693359375,133.5381317138672,1.3150990009307861,0.23925399780273438,0.2080480009317398
2021-07-12,32702.025390625,1940.083984375,131.32180786132812,1.2650829553604126,0.23273999989032745,0.2000029981136322
2021-07-13,32822.34765625,1994.331298828125,131.06260681152344,1.2622580528259277,0.24011600017547607,0.1973239928483963
2021-07-14,31780.73046875,1911.1756591796875,125.49156188964844,1.2231919765472412,0.2409829944372177,0.18488800525665283
2021-07-15,31421.5390625,1880.3829345703125,121.04105377197266,1.1737149953842163,0.23642300069332123,0.17234499752521515
2021-07-16,31533.068359375,1898.8251953125,120.0270767211914,1.172302007675171,0.23300200700759888,0.1861249953508377
2021-07-17,31796.810546875,1895.5521240234375,119.51201629638672,1.183698058128357,0.23073799908161163,0.18223300576210022
2021-07-18,30817.83203125,1817.296630859375,113.16480255126953,1.121116042137146,0.21152299642562866,0.17355599999427795
2021-07-19,29807.34765625,1787.5107421875,107.39948272705078,1.0562909841537476,0.21239399909973145,0.17080099880695343
2021-07-20,32110.693359375,1990.9708251953125,117.45989227294922,1.168097972869873,0.2278359979391098,0.19034899771213531
2021-07-21,32313.10546875,2025.2027587890625,120.73579406738281,1.1861610412597656,0.2635999917984009,0.19130299985408783
2021-07-22,33581.55078125,2124.776611328125,124.2494125366211,1.206307053565979,0.2694590091705322,0.19476400315761566
2021-07-23,34292.4453125,2189.21875,126.18867492675781,1.2334970235824585,0.26768600940704346,0.19731900095939636
2021-07-24,35350.1875,2191.373779296875,127.59797668457031,1.2285009622573853,0.2617419958114624,0.19786399602890015
2021-07-25,37337.53515625,2233.36669921875,131.36248779296875,1.2584929466247559,0.261478990316391,0.20441900193691254
2021-07-26,39406.94140625,2298.33349609375,134.6178741455078,1.2784459590911865,0.2631239891052246,0.20589900016784668
2021-07-27,39995.90625,2296.54541015625,139.83660888671875,1.2835040092468262,0.2689340114593506,0.2053920030593872
2021-07-28,40008.421875,2380.956787109375,141.3212890625,1.2840839624404907,0.2722969949245453,0.20461900532245636
2021-07-29,42235.546875,2466.96142578125,145.7750244140625,1.3089519739151,0.27942100167274475,0.20882099866867065
2021-07-30,41626.1953125,2536.2099609375,144.93321228027344,1.3223450183868408,0.28569701313972473,0.20831400156021118
2021-07-31,39974.89453125,2561.85205078125,140.73553466796875,1.3177299499511719,0.27617698907852173,0.2044370025396347
2021-08-01,39201.9453125,2610.1533203125,141.50550842285156,1.3100680112838745,0.2746089994907379,0.20360000431537628
2021-08-02,38152.98046875,2502.349609375,138.2908477783203,1.3650259971618652,0.2741680145263672,0.19596700370311737
2021-08-03,39747.50390625,2724.619873046875,142.623046875,1.3765640258789062,0.28036800026893616,0.20148999989032745
2021-08-04,40869.5546875,2827.328857421875,143.43597412109375,1.386144995689392,0.2804180085659027,0.2009740024805069
2021-08-05,42816.5,2890.941650390625,147.8009490966797,1.401785969734192,0.28474900126457214,0.20468799769878387
2021-08-06,44555.80078125,3157.23876953125,155.86477661132812,1.4706770181655884,0.30625900626182556,0.26034098863601685
2021-08-07,43798.1171875,3013.732666015625,149.8477325439453,1.4278299808502197,0.28733599185943604,0.2400449961423874
2021-08-08,46365.40234375,3167.856201171875,166.516357421875,1.4776400327682495,0.2991879880428314,0.2568970024585724
2021-08-09,45585.03125,3141.691162109375,165.46041870117188,1.6725660562515259,0.3100169897079468,0.2573249936103821
2021-08-10,45593.63671875,3164.2451171875,170.93594360351562,1.7980380058288574,0.3378579914569855,0.26526299118995667
2021-08-11,44428.2890625,3043.414306640625,165.1310272216797,1.8238780498504639,0.3273389935493469,0.26392099261283875
2021-08-12,47793.3203125,3322.211669921875,183.2860870361328,2.1360790729522705,0.36008501052856445,0.2868080139160156
2021-08-13,47096.9453125,3265.443359375,182.71127319335938,2.1916871070861816,0.39504900574684143,0.29311299324035645
2021-08-14,47047.00390625,3310.504150390625,184.904296875,2.1691529750823975,0.3916090130805969,0.34144100546836853
2021-08-15,46004.484375,3156.509521484375,178.8544921875,2.0794169902801514,0.373214989900589,0.3207150101661682
2021-08-16,44695.359375,3014.845947265625,168.84263610839844,1.9266010522842407,0.34165000915527344,0.29944199323654175
2021-08-18,44468.015625,3004.807861328125,164.78976440429688,2.041668176651001,0.33642908930778503,0.29386988282203674
